"V1","V2","V3"
0.000964501194820208,0.0200263157894737,"Baseline (EN Max)"
0.00478545468675621,0.101078947368421,"Baseline (EN Max)"
0.00874189185869229,0.177605263157895,"Baseline (EN Max)"
0.012382514205576,0.263684210526316,"Baseline (EN Max)"
0.0171842697561341,0.362736842105263,"Baseline (EN Max)"
0.0211109636838532,0.438842105263158,"Baseline (EN Max)"
0.0251354441309574,0.511447368421053,"Baseline (EN Max)"
0.0305383550958992,0.5895,"Baseline (EN Max)"
0.0348151581573373,0.6525,"Baseline (EN Max)"
0.0389372124976601,0.72,"Baseline (EN Max)"
0.129685664086679,0.788,"Baseline (EN Max)"
0.191847212429944,0.858,"Baseline (EN Max)"
0.376058303504339,0.903,"Baseline (EN Max)"
0.482661909868721,0.942,"Baseline (EN Max)"
0.644978056345042,0.9735,"Baseline (EN Max)"
0.777108277056952,0.9855,"Baseline (EN Max)"
0.870701419827056,0.995,"Baseline (EN Max)"
0.981679475399872,0.9995,"Baseline (EN Max)"
1,1,"Baseline (EN Max)"
1,1,"Baseline (EN Max)"
1,1,"Baseline (EN Max)"
1,1,"Baseline (EN Max)"
1,1,"Baseline (EN Max)"
1,1,"Baseline (EN Max)"
1,1,"Baseline (EN Max)"
1,1,"Baseline (EN Max)"
1,1,"Baseline (EN Max)"
1,1,"Baseline (EN Max)"
1,1,"Baseline (EN Max)"
1,1,"Baseline (EN Max)"
1,1,"Baseline (EN Max)"
1,1,"Baseline (EN Max)"
1,1,"Baseline (EN Max)"
1,1,"Baseline (EN Max)"
1,1,"Baseline (EN Max)"
1,1,"Baseline (EN Max)"
1,1,"Baseline (EN Max)"
1,1,"Baseline (EN Max)"
1,1,"Baseline (EN Max)"
1,1,"Baseline (EN Max)"
1,1,"Baseline (EN Max)"
1,1,"Baseline (EN Max)"
1,1,"Baseline (EN Max)"
1,1,"Baseline (EN Max)"
1,1,"Baseline (EN Max)"
1,1,"Baseline (EN Max)"
1,1,"Baseline (EN Max)"
1,1,"Baseline (EN Max)"
1,1,"Baseline (EN Max)"
1,1,"Baseline (EN Max)"
1,1,"Baseline (EN Max)"
1,1,"Baseline (EN Max)"
1,1,"Baseline (EN Max)"
1,1,"Baseline (EN Max)"
1,1,"Baseline (EN Max)"
1,1,"Baseline (EN Max)"
1,1,"Baseline (EN Max)"
1,1,"Baseline (EN Max)"
1,1,"Baseline (EN Max)"
1,1,"Baseline (EN Max)"
1,1,"Baseline (EN Max)"
1,1,"Baseline (EN Max)"
1,1,"Baseline (EN Max)"
1,1,"Baseline (EN Max)"
1,1,"Baseline (EN Max)"
1,1,"Baseline (EN Max)"
1,1,"Baseline (EN Max)"
1,1,"Baseline (EN Max)"
1,1,"Baseline (EN Max)"
1,1,"Baseline (EN Max)"
1,1,"Baseline (EN Max)"
1,1,"Baseline (EN Max)"
1,1,"Baseline (EN Max)"
1,1,"Baseline (EN Max)"
1,1,"Baseline (EN Max)"
1,1,"Baseline (EN Max)"
1,1,"Baseline (EN Max)"
1,1,"Baseline (EN Max)"
1,1,"Baseline (EN Max)"
1,1,"Baseline (EN Max)"
1,1,"Baseline (EN Max)"
1,1,"Baseline (EN Max)"
1,1,"Baseline (EN Max)"
1,1,"Baseline (EN Max)"
1,1,"Baseline (EN Max)"
1,1,"Baseline (EN Max)"
1,1,"Baseline (EN Max)"
1,1,"Baseline (EN Max)"
1,1,"Baseline (EN Max)"
1,1,"Baseline (EN Max)"
1,1,"Baseline (EN Max)"
1,1,"Baseline (EN Max)"
1,1,"Baseline (EN Max)"
1,1,"Baseline (EN Max)"
1,1,"Baseline (EN Max)"
1,1,"Baseline (EN Max)"
1,1,"Baseline (EN Max)"
1,1,"Baseline (EN Max)"
1,1,"Baseline (EN Max)"
1,1,"Baseline (EN Max)"
1,1,"Baseline (EN Max)"
1,1,"Baseline (EN Max)"
1,1,"Baseline (EN Max)"
1,1,"Baseline (EN Max)"
1,1,"Baseline (EN Max)"
1,1,"Baseline (EN Max)"
1,1,"Baseline (EN Max)"
1,1,"Baseline (EN Max)"
1,1,"Baseline (EN Max)"
1,1,"Baseline (EN Max)"
1,1,"Baseline (EN Max)"
1,1,"Baseline (EN Max)"
1,1,"Baseline (EN Max)"
1,1,"Baseline (EN Max)"
1,1,"Baseline (EN Max)"
1,1,"Baseline (EN Max)"
1,1,"Baseline (EN Max)"
1,1,"Baseline (EN Max)"
1,1,"Baseline (EN Max)"
1,1,"Baseline (EN Max)"
1,1,"Baseline (EN Max)"
1,1,"Baseline (EN Max)"
1,1,"Baseline (EN Max)"
1,1,"Baseline (EN Max)"
1,1,"Baseline (EN Max)"
1,1,"Baseline (EN Max)"
1,1,"Baseline (EN Max)"
1,1,"Baseline (EN Max)"
1,1,"Baseline (EN Max)"
1,1,"Baseline (EN Max)"
1,1,"Baseline (EN Max)"
1,1,"Baseline (EN Max)"
1,1,"Baseline (EN Max)"
1,1,"Baseline (EN Max)"
1,1,"Baseline (EN Max)"
1,1,"Baseline (EN Max)"
1,1,"Baseline (EN Max)"
1,1,"Baseline (EN Max)"
1,1,"Baseline (EN Max)"
1,1,"Baseline (EN Max)"
1,1,"Baseline (EN Max)"
1,1,"Baseline (EN Max)"
1,1,"Baseline (EN Max)"
1,1,"Baseline (EN Max)"
1,1,"Baseline (EN Max)"
1,1,"Baseline (EN Max)"
1,1,"Baseline (EN Max)"
1,1,"Baseline (EN Max)"
1,1,"Baseline (EN Max)"
1,1,"Baseline (EN Max)"
1,1,"Baseline (EN Max)"
1,1,"Baseline (EN Max)"
1,1,"Baseline (EN Max)"
1,1,"Baseline (EN Max)"
1,1,"Baseline (EN Max)"
1,1,"Baseline (EN Max)"
1,1,"Baseline (EN Max)"
1,1,"Baseline (EN Max)"
1,1,"Baseline (EN Max)"
1,1,"Baseline (EN Max)"
1,1,"Baseline (EN Max)"
1,1,"Baseline (EN Max)"
1,1,"Baseline (EN Max)"
1,1,"Baseline (EN Max)"
1,1,"Baseline (EN Max)"
1,1,"Baseline (EN Max)"
1,1,"Baseline (EN Max)"
1,1,"Baseline (EN Max)"
1,1,"Baseline (EN Max)"
1,1,"Baseline (EN Max)"
1,1,"Baseline (EN Max)"
1,1,"Baseline (EN Max)"
1,1,"Baseline (EN Max)"
1,1,"Baseline (EN Max)"
1,1,"Baseline (EN Max)"
1,1,"Baseline (EN Max)"
1,1,"Baseline (EN Max)"
1,1,"Baseline (EN Max)"
1,1,"Baseline (EN Max)"
1,1,"Baseline (EN Max)"
1,1,"Baseline (EN Max)"
1,1,"Baseline (EN Max)"
1,1,"Baseline (EN Max)"
1,1,"Baseline (EN Max)"
1,1,"Baseline (EN Max)"
1,1,"Baseline (EN Max)"
1,1,"Baseline (EN Max)"
1,1,"Baseline (EN Max)"
1,1,"Baseline (EN Max)"
1,1,"Baseline (EN Max)"
1,1,"Baseline (EN Max)"
1,1,"Baseline (EN Max)"
1,1,"Baseline (EN Max)"
1,1,"Baseline (EN Max)"
1,1,"Baseline (EN Max)"
1,1,"Baseline (EN Max)"
1,1,"Baseline (EN Max)"
1,1,"Baseline (EN Max)"
1,1,"Baseline (EN Max)"
1,1,"Baseline (EN Max)"
0.000932398466088266,0.021,"Baseline (EN Mean)"
0.00446571579768426,0.111078947368421,"Baseline (EN Mean)"
0.00811749677860224,0.197184210526316,"Baseline (EN Mean)"
0.0115992252609395,0.288236842105263,"Baseline (EN Mean)"
0.0160743027202006,0.397736842105263,"Baseline (EN Mean)"
0.0199784535691443,0.474842105263158,"Baseline (EN Mean)"
0.0239149059873659,0.550447368421053,"Baseline (EN Mean)"
0.0290848976969256,0.636,"Baseline (EN Mean)"
0.0334559330822588,0.6965,"Baseline (EN Mean)"
0.0377814409267647,0.7575,"Baseline (EN Mean)"
0.119372700853393,0.811,"Baseline (EN Mean)"
0.181833293146687,0.8745,"Baseline (EN Mean)"
0.366081817595591,0.92,"Baseline (EN Mean)"
0.501288635579843,0.951,"Baseline (EN Mean)"
0.700937318915511,0.982,"Baseline (EN Mean)"
0.851440763502439,0.9905,"Baseline (EN Mean)"
0.87996610841401,0.9955,"Baseline (EN Mean)"
0.945036047417517,0.999,"Baseline (EN Mean)"
0.96360428958667,0.999,"Baseline (EN Mean)"
0.981909352122293,1,"Baseline (EN Mean)"
0.982031004779253,1,"Baseline (EN Mean)"
1,1,"Baseline (EN Mean)"
1,1,"Baseline (EN Mean)"
1,1,"Baseline (EN Mean)"
1,1,"Baseline (EN Mean)"
1,1,"Baseline (EN Mean)"
1,1,"Baseline (EN Mean)"
1,1,"Baseline (EN Mean)"
1,1,"Baseline (EN Mean)"
1,1,"Baseline (EN Mean)"
1,1,"Baseline (EN Mean)"
1,1,"Baseline (EN Mean)"
1,1,"Baseline (EN Mean)"
1,1,"Baseline (EN Mean)"
1,1,"Baseline (EN Mean)"
1,1,"Baseline (EN Mean)"
1,1,"Baseline (EN Mean)"
1,1,"Baseline (EN Mean)"
1,1,"Baseline (EN Mean)"
1,1,"Baseline (EN Mean)"
1,1,"Baseline (EN Mean)"
1,1,"Baseline (EN Mean)"
1,1,"Baseline (EN Mean)"
1,1,"Baseline (EN Mean)"
1,1,"Baseline (EN Mean)"
1,1,"Baseline (EN Mean)"
1,1,"Baseline (EN Mean)"
1,1,"Baseline (EN Mean)"
1,1,"Baseline (EN Mean)"
1,1,"Baseline (EN Mean)"
1,1,"Baseline (EN Mean)"
1,1,"Baseline (EN Mean)"
1,1,"Baseline (EN Mean)"
1,1,"Baseline (EN Mean)"
1,1,"Baseline (EN Mean)"
1,1,"Baseline (EN Mean)"
1,1,"Baseline (EN Mean)"
1,1,"Baseline (EN Mean)"
1,1,"Baseline (EN Mean)"
1,1,"Baseline (EN Mean)"
1,1,"Baseline (EN Mean)"
1,1,"Baseline (EN Mean)"
1,1,"Baseline (EN Mean)"
1,1,"Baseline (EN Mean)"
1,1,"Baseline (EN Mean)"
1,1,"Baseline (EN Mean)"
1,1,"Baseline (EN Mean)"
1,1,"Baseline (EN Mean)"
1,1,"Baseline (EN Mean)"
1,1,"Baseline (EN Mean)"
1,1,"Baseline (EN Mean)"
1,1,"Baseline (EN Mean)"
1,1,"Baseline (EN Mean)"
1,1,"Baseline (EN Mean)"
1,1,"Baseline (EN Mean)"
1,1,"Baseline (EN Mean)"
1,1,"Baseline (EN Mean)"
1,1,"Baseline (EN Mean)"
1,1,"Baseline (EN Mean)"
1,1,"Baseline (EN Mean)"
1,1,"Baseline (EN Mean)"
1,1,"Baseline (EN Mean)"
1,1,"Baseline (EN Mean)"
1,1,"Baseline (EN Mean)"
1,1,"Baseline (EN Mean)"
1,1,"Baseline (EN Mean)"
1,1,"Baseline (EN Mean)"
1,1,"Baseline (EN Mean)"
1,1,"Baseline (EN Mean)"
1,1,"Baseline (EN Mean)"
1,1,"Baseline (EN Mean)"
1,1,"Baseline (EN Mean)"
1,1,"Baseline (EN Mean)"
1,1,"Baseline (EN Mean)"
1,1,"Baseline (EN Mean)"
1,1,"Baseline (EN Mean)"
1,1,"Baseline (EN Mean)"
1,1,"Baseline (EN Mean)"
1,1,"Baseline (EN Mean)"
1,1,"Baseline (EN Mean)"
1,1,"Baseline (EN Mean)"
1,1,"Baseline (EN Mean)"
1,1,"Baseline (EN Mean)"
1,1,"Baseline (EN Mean)"
1,1,"Baseline (EN Mean)"
1,1,"Baseline (EN Mean)"
1,1,"Baseline (EN Mean)"
1,1,"Baseline (EN Mean)"
1,1,"Baseline (EN Mean)"
1,1,"Baseline (EN Mean)"
1,1,"Baseline (EN Mean)"
1,1,"Baseline (EN Mean)"
1,1,"Baseline (EN Mean)"
1,1,"Baseline (EN Mean)"
1,1,"Baseline (EN Mean)"
1,1,"Baseline (EN Mean)"
1,1,"Baseline (EN Mean)"
1,1,"Baseline (EN Mean)"
1,1,"Baseline (EN Mean)"
1,1,"Baseline (EN Mean)"
1,1,"Baseline (EN Mean)"
1,1,"Baseline (EN Mean)"
1,1,"Baseline (EN Mean)"
1,1,"Baseline (EN Mean)"
1,1,"Baseline (EN Mean)"
1,1,"Baseline (EN Mean)"
1,1,"Baseline (EN Mean)"
1,1,"Baseline (EN Mean)"
1,1,"Baseline (EN Mean)"
1,1,"Baseline (EN Mean)"
1,1,"Baseline (EN Mean)"
1,1,"Baseline (EN Mean)"
1,1,"Baseline (EN Mean)"
1,1,"Baseline (EN Mean)"
1,1,"Baseline (EN Mean)"
1,1,"Baseline (EN Mean)"
1,1,"Baseline (EN Mean)"
1,1,"Baseline (EN Mean)"
1,1,"Baseline (EN Mean)"
1,1,"Baseline (EN Mean)"
1,1,"Baseline (EN Mean)"
1,1,"Baseline (EN Mean)"
1,1,"Baseline (EN Mean)"
1,1,"Baseline (EN Mean)"
1,1,"Baseline (EN Mean)"
1,1,"Baseline (EN Mean)"
1,1,"Baseline (EN Mean)"
1,1,"Baseline (EN Mean)"
1,1,"Baseline (EN Mean)"
1,1,"Baseline (EN Mean)"
1,1,"Baseline (EN Mean)"
1,1,"Baseline (EN Mean)"
1,1,"Baseline (EN Mean)"
1,1,"Baseline (EN Mean)"
1,1,"Baseline (EN Mean)"
1,1,"Baseline (EN Mean)"
1,1,"Baseline (EN Mean)"
1,1,"Baseline (EN Mean)"
1,1,"Baseline (EN Mean)"
1,1,"Baseline (EN Mean)"
1,1,"Baseline (EN Mean)"
1,1,"Baseline (EN Mean)"
1,1,"Baseline (EN Mean)"
1,1,"Baseline (EN Mean)"
1,1,"Baseline (EN Mean)"
1,1,"Baseline (EN Mean)"
1,1,"Baseline (EN Mean)"
1,1,"Baseline (EN Mean)"
1,1,"Baseline (EN Mean)"
1,1,"Baseline (EN Mean)"
1,1,"Baseline (EN Mean)"
1,1,"Baseline (EN Mean)"
1,1,"Baseline (EN Mean)"
1,1,"Baseline (EN Mean)"
1,1,"Baseline (EN Mean)"
1,1,"Baseline (EN Mean)"
1,1,"Baseline (EN Mean)"
1,1,"Baseline (EN Mean)"
1,1,"Baseline (EN Mean)"
1,1,"Baseline (EN Mean)"
1,1,"Baseline (EN Mean)"
1,1,"Baseline (EN Mean)"
1,1,"Baseline (EN Mean)"
1,1,"Baseline (EN Mean)"
1,1,"Baseline (EN Mean)"
1,1,"Baseline (EN Mean)"
1,1,"Baseline (EN Mean)"
1,1,"Baseline (EN Mean)"
1,1,"Baseline (EN Mean)"
1,1,"Baseline (EN Mean)"
1,1,"Baseline (EN Mean)"
1,1,"Baseline (EN Mean)"
1,1,"Baseline (EN Mean)"
1,1,"Baseline (EN Mean)"
1,1,"Baseline (EN Mean)"
1,1,"Baseline (EN Mean)"
1,1,"Baseline (EN Mean)"
1,1,"Baseline (EN Mean)"
1,1,"Baseline (EN Mean)"
1,1,"Baseline (EN Mean)"
0.00160511071325678,0,"Baseline (RR Max)"
1,1,"Baseline (RR Max)"
1,1,"Baseline (RR Max)"
1,1,"Baseline (RR Max)"
1,1,"Baseline (RR Max)"
1,1,"Baseline (RR Max)"
1,1,"Baseline (RR Max)"
1,1,"Baseline (RR Max)"
1,1,"Baseline (RR Max)"
1,1,"Baseline (RR Max)"
1,1,"Baseline (RR Max)"
1,1,"Baseline (RR Max)"
1,1,"Baseline (RR Max)"
1,1,"Baseline (RR Max)"
1,1,"Baseline (RR Max)"
1,1,"Baseline (RR Max)"
1,1,"Baseline (RR Max)"
1,1,"Baseline (RR Max)"
1,1,"Baseline (RR Max)"
1,1,"Baseline (RR Max)"
1,1,"Baseline (RR Max)"
1,1,"Baseline (RR Max)"
1,1,"Baseline (RR Max)"
1,1,"Baseline (RR Max)"
1,1,"Baseline (RR Max)"
1,1,"Baseline (RR Max)"
1,1,"Baseline (RR Max)"
1,1,"Baseline (RR Max)"
1,1,"Baseline (RR Max)"
1,1,"Baseline (RR Max)"
1,1,"Baseline (RR Max)"
1,1,"Baseline (RR Max)"
1,1,"Baseline (RR Max)"
1,1,"Baseline (RR Max)"
1,1,"Baseline (RR Max)"
1,1,"Baseline (RR Max)"
1,1,"Baseline (RR Max)"
1,1,"Baseline (RR Max)"
1,1,"Baseline (RR Max)"
1,1,"Baseline (RR Max)"
1,1,"Baseline (RR Max)"
1,1,"Baseline (RR Max)"
1,1,"Baseline (RR Max)"
1,1,"Baseline (RR Max)"
1,1,"Baseline (RR Max)"
1,1,"Baseline (RR Max)"
1,1,"Baseline (RR Max)"
1,1,"Baseline (RR Max)"
1,1,"Baseline (RR Max)"
1,1,"Baseline (RR Max)"
1,1,"Baseline (RR Max)"
1,1,"Baseline (RR Max)"
1,1,"Baseline (RR Max)"
1,1,"Baseline (RR Max)"
1,1,"Baseline (RR Max)"
1,1,"Baseline (RR Max)"
1,1,"Baseline (RR Max)"
1,1,"Baseline (RR Max)"
1,1,"Baseline (RR Max)"
1,1,"Baseline (RR Max)"
1,1,"Baseline (RR Max)"
1,1,"Baseline (RR Max)"
1,1,"Baseline (RR Max)"
1,1,"Baseline (RR Max)"
1,1,"Baseline (RR Max)"
1,1,"Baseline (RR Max)"
1,1,"Baseline (RR Max)"
1,1,"Baseline (RR Max)"
1,1,"Baseline (RR Max)"
1,1,"Baseline (RR Max)"
1,1,"Baseline (RR Max)"
1,1,"Baseline (RR Max)"
1,1,"Baseline (RR Max)"
1,1,"Baseline (RR Max)"
1,1,"Baseline (RR Max)"
1,1,"Baseline (RR Max)"
1,1,"Baseline (RR Max)"
1,1,"Baseline (RR Max)"
1,1,"Baseline (RR Max)"
1,1,"Baseline (RR Max)"
1,1,"Baseline (RR Max)"
1,1,"Baseline (RR Max)"
1,1,"Baseline (RR Max)"
1,1,"Baseline (RR Max)"
1,1,"Baseline (RR Max)"
1,1,"Baseline (RR Max)"
1,1,"Baseline (RR Max)"
1,1,"Baseline (RR Max)"
1,1,"Baseline (RR Max)"
1,1,"Baseline (RR Max)"
1,1,"Baseline (RR Max)"
1,1,"Baseline (RR Max)"
1,1,"Baseline (RR Max)"
1,1,"Baseline (RR Max)"
1,1,"Baseline (RR Max)"
1,1,"Baseline (RR Max)"
1,1,"Baseline (RR Max)"
1,1,"Baseline (RR Max)"
1,1,"Baseline (RR Max)"
1,1,"Baseline (RR Max)"
1,1,"Baseline (RR Max)"
1,1,"Baseline (RR Max)"
1,1,"Baseline (RR Max)"
1,1,"Baseline (RR Max)"
1,1,"Baseline (RR Max)"
1,1,"Baseline (RR Max)"
1,1,"Baseline (RR Max)"
1,1,"Baseline (RR Max)"
1,1,"Baseline (RR Max)"
1,1,"Baseline (RR Max)"
1,1,"Baseline (RR Max)"
1,1,"Baseline (RR Max)"
1,1,"Baseline (RR Max)"
1,1,"Baseline (RR Max)"
1,1,"Baseline (RR Max)"
1,1,"Baseline (RR Max)"
1,1,"Baseline (RR Max)"
1,1,"Baseline (RR Max)"
1,1,"Baseline (RR Max)"
1,1,"Baseline (RR Max)"
1,1,"Baseline (RR Max)"
1,1,"Baseline (RR Max)"
1,1,"Baseline (RR Max)"
1,1,"Baseline (RR Max)"
1,1,"Baseline (RR Max)"
1,1,"Baseline (RR Max)"
1,1,"Baseline (RR Max)"
1,1,"Baseline (RR Max)"
1,1,"Baseline (RR Max)"
1,1,"Baseline (RR Max)"
1,1,"Baseline (RR Max)"
1,1,"Baseline (RR Max)"
1,1,"Baseline (RR Max)"
1,1,"Baseline (RR Max)"
1,1,"Baseline (RR Max)"
1,1,"Baseline (RR Max)"
1,1,"Baseline (RR Max)"
1,1,"Baseline (RR Max)"
1,1,"Baseline (RR Max)"
1,1,"Baseline (RR Max)"
1,1,"Baseline (RR Max)"
1,1,"Baseline (RR Max)"
1,1,"Baseline (RR Max)"
1,1,"Baseline (RR Max)"
1,1,"Baseline (RR Max)"
1,1,"Baseline (RR Max)"
1,1,"Baseline (RR Max)"
1,1,"Baseline (RR Max)"
1,1,"Baseline (RR Max)"
1,1,"Baseline (RR Max)"
1,1,"Baseline (RR Max)"
1,1,"Baseline (RR Max)"
1,1,"Baseline (RR Max)"
1,1,"Baseline (RR Max)"
1,1,"Baseline (RR Max)"
1,1,"Baseline (RR Max)"
1,1,"Baseline (RR Max)"
1,1,"Baseline (RR Max)"
1,1,"Baseline (RR Max)"
1,1,"Baseline (RR Max)"
1,1,"Baseline (RR Max)"
1,1,"Baseline (RR Max)"
1,1,"Baseline (RR Max)"
1,1,"Baseline (RR Max)"
1,1,"Baseline (RR Max)"
1,1,"Baseline (RR Max)"
1,1,"Baseline (RR Max)"
1,1,"Baseline (RR Max)"
1,1,"Baseline (RR Max)"
1,1,"Baseline (RR Max)"
1,1,"Baseline (RR Max)"
1,1,"Baseline (RR Max)"
1,1,"Baseline (RR Max)"
1,1,"Baseline (RR Max)"
1,1,"Baseline (RR Max)"
1,1,"Baseline (RR Max)"
1,1,"Baseline (RR Max)"
1,1,"Baseline (RR Max)"
1,1,"Baseline (RR Max)"
1,1,"Baseline (RR Max)"
1,1,"Baseline (RR Max)"
1,1,"Baseline (RR Max)"
1,1,"Baseline (RR Max)"
1,1,"Baseline (RR Max)"
1,1,"Baseline (RR Max)"
1,1,"Baseline (RR Max)"
1,1,"Baseline (RR Max)"
1,1,"Baseline (RR Max)"
1,1,"Baseline (RR Max)"
1,1,"Baseline (RR Max)"
1,1,"Baseline (RR Max)"
1,1,"Baseline (RR Max)"
1,1,"Baseline (RR Max)"
1,1,"Baseline (RR Max)"
1,1,"Baseline (RR Max)"
1,1,"Baseline (RR Max)"
1,1,"Baseline (RR Max)"
1,1,"Baseline (RR Max)"
1,1,"Baseline (RR Max)"
1,1,"Baseline (RR Max)"
1,1,"Baseline (RR Max)"
1,1,"Baseline (RR Max)"
1,1,"Baseline (RR Max)"
1,1,"Baseline (RR Max)"
1,1,"Baseline (RR Max)"
1,1,"Baseline (RR Max)"
1,1,"Baseline (RR Max)"
1,1,"Baseline (RR Max)"
1,1,"Baseline (RR Max)"
1,1,"Baseline (RR Max)"
1,1,"Baseline (RR Max)"
1,1,"Baseline (RR Max)"
1,1,"Baseline (RR Max)"
1,1,"Baseline (RR Max)"
1,1,"Baseline (RR Max)"
1,1,"Baseline (RR Max)"
1,1,"Baseline (RR Max)"
1,1,"Baseline (RR Max)"
1,1,"Baseline (RR Max)"
1,1,"Baseline (RR Max)"
1,1,"Baseline (RR Max)"
1,1,"Baseline (RR Max)"
1,1,"Baseline (RR Max)"
1,1,"Baseline (RR Max)"
1,1,"Baseline (RR Max)"
1,1,"Baseline (RR Max)"
1,1,"Baseline (RR Max)"
1,1,"Baseline (RR Max)"
1,1,"Baseline (RR Max)"
1,1,"Baseline (RR Max)"
1,1,"Baseline (RR Max)"
1,1,"Baseline (RR Max)"
1,1,"Baseline (RR Max)"
1,1,"Baseline (RR Max)"
1,1,"Baseline (RR Max)"
1,1,"Baseline (RR Max)"
1,1,"Baseline (RR Max)"
1,1,"Baseline (RR Max)"
1,1,"Baseline (RR Max)"
1,1,"Baseline (RR Max)"
1,1,"Baseline (RR Max)"
1,1,"Baseline (RR Max)"
1,1,"Baseline (RR Max)"
1,1,"Baseline (RR Max)"
1,1,"Baseline (RR Max)"
1,1,"Baseline (RR Max)"
1,1,"Baseline (RR Max)"
1,1,"Baseline (RR Max)"
1,1,"Baseline (RR Max)"
1,1,"Baseline (RR Max)"
1,1,"Baseline (RR Max)"
1,1,"Baseline (RR Max)"
1,1,"Baseline (RR Max)"
1,1,"Baseline (RR Max)"
1,1,"Baseline (RR Max)"
1,1,"Baseline (RR Max)"
1,1,"Baseline (RR Max)"
1,1,"Baseline (RR Max)"
1,1,"Baseline (RR Max)"
1,1,"Baseline (RR Max)"
1,1,"Baseline (RR Max)"
1,1,"Baseline (RR Max)"
1,1,"Baseline (RR Max)"
1,1,"Baseline (RR Max)"
1,1,"Baseline (RR Max)"
1,1,"Baseline (RR Max)"
1,1,"Baseline (RR Max)"
1,1,"Baseline (RR Max)"
1,1,"Baseline (RR Max)"
1,1,"Baseline (RR Max)"
1,1,"Baseline (RR Max)"
1,1,"Baseline (RR Max)"
1,1,"Baseline (RR Max)"
1,1,"Baseline (RR Max)"
1,1,"Baseline (RR Max)"
1,1,"Baseline (RR Max)"
1,1,"Baseline (RR Max)"
1,1,"Baseline (RR Max)"
1,1,"Baseline (RR Max)"
1,1,"Baseline (RR Max)"
1,1,"Baseline (RR Max)"
1,1,"Baseline (RR Max)"
1,1,"Baseline (RR Max)"
1,1,"Baseline (RR Max)"
1,1,"Baseline (RR Max)"
1,1,"Baseline (RR Max)"
1,1,"Baseline (RR Max)"
1,1,"Baseline (RR Max)"
1,1,"Baseline (RR Max)"
1,1,"Baseline (RR Max)"
1,1,"Baseline (RR Max)"
1,1,"Baseline (RR Max)"
1,1,"Baseline (RR Max)"
1,1,"Baseline (RR Max)"
1,1,"Baseline (RR Max)"
1,1,"Baseline (RR Max)"
1,1,"Baseline (RR Max)"
1,1,"Baseline (RR Max)"
1,1,"Baseline (RR Max)"
1,1,"Baseline (RR Max)"
1,1,"Baseline (RR Max)"
1,1,"Baseline (RR Max)"
1,1,"Baseline (RR Max)"
1,1,"Baseline (RR Max)"
1,1,"Baseline (RR Max)"
1,1,"Baseline (RR Max)"
1,1,"Baseline (RR Max)"
1,1,"Baseline (RR Max)"
1,1,"Baseline (RR Max)"
1,1,"Baseline (RR Max)"
1,1,"Baseline (RR Max)"
1,1,"Baseline (RR Max)"
1,1,"Baseline (RR Max)"
1,1,"Baseline (RR Max)"
1,1,"Baseline (RR Max)"
1,1,"Baseline (RR Max)"
1,1,"Baseline (RR Max)"
1,1,"Baseline (RR Max)"
1,1,"Baseline (RR Max)"
1,1,"Baseline (RR Max)"
1,1,"Baseline (RR Max)"
1,1,"Baseline (RR Max)"
1,1,"Baseline (RR Max)"
1,1,"Baseline (RR Max)"
1,1,"Baseline (RR Max)"
1,1,"Baseline (RR Max)"
1,1,"Baseline (RR Max)"
1,1,"Baseline (RR Max)"
1,1,"Baseline (RR Max)"
1,1,"Baseline (RR Max)"
1,1,"Baseline (RR Max)"
1,1,"Baseline (RR Max)"
1,1,"Baseline (RR Max)"
1,1,"Baseline (RR Max)"
1,1,"Baseline (RR Max)"
1,1,"Baseline (RR Max)"
1,1,"Baseline (RR Max)"
1,1,"Baseline (RR Max)"
1,1,"Baseline (RR Max)"
1,1,"Baseline (RR Max)"
1,1,"Baseline (RR Max)"
1,1,"Baseline (RR Max)"
1,1,"Baseline (RR Max)"
1,1,"Baseline (RR Max)"
1,1,"Baseline (RR Max)"
1,1,"Baseline (RR Max)"
1,1,"Baseline (RR Max)"
1,1,"Baseline (RR Max)"
1,1,"Baseline (RR Max)"
1,1,"Baseline (RR Max)"
1,1,"Baseline (RR Max)"
1,1,"Baseline (RR Max)"
1,1,"Baseline (RR Max)"
1,1,"Baseline (RR Max)"
1,1,"Baseline (RR Max)"
1,1,"Baseline (RR Max)"
1,1,"Baseline (RR Max)"
1,1,"Baseline (RR Max)"
1,1,"Baseline (RR Max)"
1,1,"Baseline (RR Max)"
1,1,"Baseline (RR Max)"
1,1,"Baseline (RR Max)"
1,1,"Baseline (RR Max)"
1,1,"Baseline (RR Max)"
1,1,"Baseline (RR Max)"
1,1,"Baseline (RR Max)"
1,1,"Baseline (RR Max)"
1,1,"Baseline (RR Max)"
1,1,"Baseline (RR Max)"
1,1,"Baseline (RR Max)"
1,1,"Baseline (RR Max)"
1,1,"Baseline (RR Max)"
1,1,"Baseline (RR Max)"
1,1,"Baseline (RR Max)"
1,1,"Baseline (RR Max)"
1,1,"Baseline (RR Max)"
1,1,"Baseline (RR Max)"
1,1,"Baseline (RR Max)"
1,1,"Baseline (RR Max)"
1,1,"Baseline (RR Max)"
1,1,"Baseline (RR Max)"
1,1,"Baseline (RR Max)"
1,1,"Baseline (RR Max)"
1,1,"Baseline (RR Max)"
1,1,"Baseline (RR Max)"
1,1,"Baseline (RR Max)"
1,1,"Baseline (RR Max)"
1,1,"Baseline (RR Max)"
1,1,"Baseline (RR Max)"
1,1,"Baseline (RR Max)"
1,1,"Baseline (RR Max)"
1,1,"Baseline (RR Max)"
1,1,"Baseline (RR Max)"
1,1,"Baseline (RR Max)"
1,1,"Baseline (RR Max)"
1,1,"Baseline (RR Max)"
1,1,"Baseline (RR Max)"
1,1,"Baseline (RR Max)"
1,1,"Baseline (RR Max)"
1,1,"Baseline (RR Max)"
0.00160511071325678,0,"Baseline (RR Mean)"
1,1,"Baseline (RR Mean)"
1,1,"Baseline (RR Mean)"
1,1,"Baseline (RR Mean)"
1,1,"Baseline (RR Mean)"
1,1,"Baseline (RR Mean)"
1,1,"Baseline (RR Mean)"
1,1,"Baseline (RR Mean)"
1,1,"Baseline (RR Mean)"
1,1,"Baseline (RR Mean)"
1,1,"Baseline (RR Mean)"
1,1,"Baseline (RR Mean)"
1,1,"Baseline (RR Mean)"
1,1,"Baseline (RR Mean)"
1,1,"Baseline (RR Mean)"
1,1,"Baseline (RR Mean)"
1,1,"Baseline (RR Mean)"
1,1,"Baseline (RR Mean)"
1,1,"Baseline (RR Mean)"
1,1,"Baseline (RR Mean)"
1,1,"Baseline (RR Mean)"
1,1,"Baseline (RR Mean)"
1,1,"Baseline (RR Mean)"
1,1,"Baseline (RR Mean)"
1,1,"Baseline (RR Mean)"
1,1,"Baseline (RR Mean)"
1,1,"Baseline (RR Mean)"
1,1,"Baseline (RR Mean)"
1,1,"Baseline (RR Mean)"
1,1,"Baseline (RR Mean)"
1,1,"Baseline (RR Mean)"
1,1,"Baseline (RR Mean)"
1,1,"Baseline (RR Mean)"
1,1,"Baseline (RR Mean)"
1,1,"Baseline (RR Mean)"
1,1,"Baseline (RR Mean)"
1,1,"Baseline (RR Mean)"
1,1,"Baseline (RR Mean)"
1,1,"Baseline (RR Mean)"
1,1,"Baseline (RR Mean)"
1,1,"Baseline (RR Mean)"
1,1,"Baseline (RR Mean)"
1,1,"Baseline (RR Mean)"
1,1,"Baseline (RR Mean)"
1,1,"Baseline (RR Mean)"
1,1,"Baseline (RR Mean)"
1,1,"Baseline (RR Mean)"
1,1,"Baseline (RR Mean)"
1,1,"Baseline (RR Mean)"
1,1,"Baseline (RR Mean)"
1,1,"Baseline (RR Mean)"
1,1,"Baseline (RR Mean)"
1,1,"Baseline (RR Mean)"
1,1,"Baseline (RR Mean)"
1,1,"Baseline (RR Mean)"
1,1,"Baseline (RR Mean)"
1,1,"Baseline (RR Mean)"
1,1,"Baseline (RR Mean)"
1,1,"Baseline (RR Mean)"
1,1,"Baseline (RR Mean)"
1,1,"Baseline (RR Mean)"
1,1,"Baseline (RR Mean)"
1,1,"Baseline (RR Mean)"
1,1,"Baseline (RR Mean)"
1,1,"Baseline (RR Mean)"
1,1,"Baseline (RR Mean)"
1,1,"Baseline (RR Mean)"
1,1,"Baseline (RR Mean)"
1,1,"Baseline (RR Mean)"
1,1,"Baseline (RR Mean)"
1,1,"Baseline (RR Mean)"
1,1,"Baseline (RR Mean)"
1,1,"Baseline (RR Mean)"
1,1,"Baseline (RR Mean)"
1,1,"Baseline (RR Mean)"
1,1,"Baseline (RR Mean)"
1,1,"Baseline (RR Mean)"
1,1,"Baseline (RR Mean)"
1,1,"Baseline (RR Mean)"
1,1,"Baseline (RR Mean)"
1,1,"Baseline (RR Mean)"
1,1,"Baseline (RR Mean)"
1,1,"Baseline (RR Mean)"
1,1,"Baseline (RR Mean)"
1,1,"Baseline (RR Mean)"
1,1,"Baseline (RR Mean)"
1,1,"Baseline (RR Mean)"
1,1,"Baseline (RR Mean)"
1,1,"Baseline (RR Mean)"
1,1,"Baseline (RR Mean)"
1,1,"Baseline (RR Mean)"
1,1,"Baseline (RR Mean)"
1,1,"Baseline (RR Mean)"
1,1,"Baseline (RR Mean)"
1,1,"Baseline (RR Mean)"
1,1,"Baseline (RR Mean)"
1,1,"Baseline (RR Mean)"
1,1,"Baseline (RR Mean)"
1,1,"Baseline (RR Mean)"
1,1,"Baseline (RR Mean)"
1,1,"Baseline (RR Mean)"
1,1,"Baseline (RR Mean)"
1,1,"Baseline (RR Mean)"
1,1,"Baseline (RR Mean)"
1,1,"Baseline (RR Mean)"
1,1,"Baseline (RR Mean)"
1,1,"Baseline (RR Mean)"
1,1,"Baseline (RR Mean)"
1,1,"Baseline (RR Mean)"
1,1,"Baseline (RR Mean)"
1,1,"Baseline (RR Mean)"
1,1,"Baseline (RR Mean)"
1,1,"Baseline (RR Mean)"
1,1,"Baseline (RR Mean)"
1,1,"Baseline (RR Mean)"
1,1,"Baseline (RR Mean)"
1,1,"Baseline (RR Mean)"
1,1,"Baseline (RR Mean)"
1,1,"Baseline (RR Mean)"
1,1,"Baseline (RR Mean)"
1,1,"Baseline (RR Mean)"
1,1,"Baseline (RR Mean)"
1,1,"Baseline (RR Mean)"
1,1,"Baseline (RR Mean)"
1,1,"Baseline (RR Mean)"
1,1,"Baseline (RR Mean)"
1,1,"Baseline (RR Mean)"
1,1,"Baseline (RR Mean)"
1,1,"Baseline (RR Mean)"
1,1,"Baseline (RR Mean)"
1,1,"Baseline (RR Mean)"
1,1,"Baseline (RR Mean)"
1,1,"Baseline (RR Mean)"
1,1,"Baseline (RR Mean)"
1,1,"Baseline (RR Mean)"
1,1,"Baseline (RR Mean)"
1,1,"Baseline (RR Mean)"
1,1,"Baseline (RR Mean)"
1,1,"Baseline (RR Mean)"
1,1,"Baseline (RR Mean)"
1,1,"Baseline (RR Mean)"
1,1,"Baseline (RR Mean)"
1,1,"Baseline (RR Mean)"
1,1,"Baseline (RR Mean)"
1,1,"Baseline (RR Mean)"
1,1,"Baseline (RR Mean)"
1,1,"Baseline (RR Mean)"
1,1,"Baseline (RR Mean)"
1,1,"Baseline (RR Mean)"
1,1,"Baseline (RR Mean)"
1,1,"Baseline (RR Mean)"
1,1,"Baseline (RR Mean)"
1,1,"Baseline (RR Mean)"
1,1,"Baseline (RR Mean)"
1,1,"Baseline (RR Mean)"
1,1,"Baseline (RR Mean)"
1,1,"Baseline (RR Mean)"
1,1,"Baseline (RR Mean)"
1,1,"Baseline (RR Mean)"
1,1,"Baseline (RR Mean)"
1,1,"Baseline (RR Mean)"
1,1,"Baseline (RR Mean)"
1,1,"Baseline (RR Mean)"
1,1,"Baseline (RR Mean)"
1,1,"Baseline (RR Mean)"
1,1,"Baseline (RR Mean)"
1,1,"Baseline (RR Mean)"
1,1,"Baseline (RR Mean)"
1,1,"Baseline (RR Mean)"
1,1,"Baseline (RR Mean)"
1,1,"Baseline (RR Mean)"
1,1,"Baseline (RR Mean)"
1,1,"Baseline (RR Mean)"
1,1,"Baseline (RR Mean)"
1,1,"Baseline (RR Mean)"
1,1,"Baseline (RR Mean)"
1,1,"Baseline (RR Mean)"
1,1,"Baseline (RR Mean)"
1,1,"Baseline (RR Mean)"
1,1,"Baseline (RR Mean)"
1,1,"Baseline (RR Mean)"
1,1,"Baseline (RR Mean)"
1,1,"Baseline (RR Mean)"
1,1,"Baseline (RR Mean)"
1,1,"Baseline (RR Mean)"
1,1,"Baseline (RR Mean)"
1,1,"Baseline (RR Mean)"
1,1,"Baseline (RR Mean)"
1,1,"Baseline (RR Mean)"
1,1,"Baseline (RR Mean)"
1,1,"Baseline (RR Mean)"
1,1,"Baseline (RR Mean)"
1,1,"Baseline (RR Mean)"
1,1,"Baseline (RR Mean)"
1,1,"Baseline (RR Mean)"
1,1,"Baseline (RR Mean)"
1,1,"Baseline (RR Mean)"
1,1,"Baseline (RR Mean)"
1,1,"Baseline (RR Mean)"
1,1,"Baseline (RR Mean)"
1,1,"Baseline (RR Mean)"
1,1,"Baseline (RR Mean)"
1,1,"Baseline (RR Mean)"
1,1,"Baseline (RR Mean)"
1,1,"Baseline (RR Mean)"
1,1,"Baseline (RR Mean)"
1,1,"Baseline (RR Mean)"
1,1,"Baseline (RR Mean)"
1,1,"Baseline (RR Mean)"
1,1,"Baseline (RR Mean)"
1,1,"Baseline (RR Mean)"
1,1,"Baseline (RR Mean)"
1,1,"Baseline (RR Mean)"
1,1,"Baseline (RR Mean)"
1,1,"Baseline (RR Mean)"
1,1,"Baseline (RR Mean)"
1,1,"Baseline (RR Mean)"
1,1,"Baseline (RR Mean)"
1,1,"Baseline (RR Mean)"
1,1,"Baseline (RR Mean)"
1,1,"Baseline (RR Mean)"
1,1,"Baseline (RR Mean)"
1,1,"Baseline (RR Mean)"
1,1,"Baseline (RR Mean)"
1,1,"Baseline (RR Mean)"
1,1,"Baseline (RR Mean)"
1,1,"Baseline (RR Mean)"
1,1,"Baseline (RR Mean)"
1,1,"Baseline (RR Mean)"
1,1,"Baseline (RR Mean)"
1,1,"Baseline (RR Mean)"
1,1,"Baseline (RR Mean)"
1,1,"Baseline (RR Mean)"
1,1,"Baseline (RR Mean)"
1,1,"Baseline (RR Mean)"
1,1,"Baseline (RR Mean)"
1,1,"Baseline (RR Mean)"
1,1,"Baseline (RR Mean)"
1,1,"Baseline (RR Mean)"
1,1,"Baseline (RR Mean)"
1,1,"Baseline (RR Mean)"
1,1,"Baseline (RR Mean)"
1,1,"Baseline (RR Mean)"
1,1,"Baseline (RR Mean)"
1,1,"Baseline (RR Mean)"
1,1,"Baseline (RR Mean)"
1,1,"Baseline (RR Mean)"
1,1,"Baseline (RR Mean)"
1,1,"Baseline (RR Mean)"
1,1,"Baseline (RR Mean)"
1,1,"Baseline (RR Mean)"
1,1,"Baseline (RR Mean)"
1,1,"Baseline (RR Mean)"
1,1,"Baseline (RR Mean)"
1,1,"Baseline (RR Mean)"
1,1,"Baseline (RR Mean)"
1,1,"Baseline (RR Mean)"
1,1,"Baseline (RR Mean)"
1,1,"Baseline (RR Mean)"
1,1,"Baseline (RR Mean)"
1,1,"Baseline (RR Mean)"
1,1,"Baseline (RR Mean)"
1,1,"Baseline (RR Mean)"
1,1,"Baseline (RR Mean)"
1,1,"Baseline (RR Mean)"
1,1,"Baseline (RR Mean)"
1,1,"Baseline (RR Mean)"
1,1,"Baseline (RR Mean)"
1,1,"Baseline (RR Mean)"
1,1,"Baseline (RR Mean)"
1,1,"Baseline (RR Mean)"
1,1,"Baseline (RR Mean)"
1,1,"Baseline (RR Mean)"
1,1,"Baseline (RR Mean)"
1,1,"Baseline (RR Mean)"
1,1,"Baseline (RR Mean)"
1,1,"Baseline (RR Mean)"
1,1,"Baseline (RR Mean)"
1,1,"Baseline (RR Mean)"
1,1,"Baseline (RR Mean)"
1,1,"Baseline (RR Mean)"
1,1,"Baseline (RR Mean)"
1,1,"Baseline (RR Mean)"
1,1,"Baseline (RR Mean)"
1,1,"Baseline (RR Mean)"
1,1,"Baseline (RR Mean)"
1,1,"Baseline (RR Mean)"
1,1,"Baseline (RR Mean)"
1,1,"Baseline (RR Mean)"
1,1,"Baseline (RR Mean)"
1,1,"Baseline (RR Mean)"
1,1,"Baseline (RR Mean)"
1,1,"Baseline (RR Mean)"
1,1,"Baseline (RR Mean)"
1,1,"Baseline (RR Mean)"
1,1,"Baseline (RR Mean)"
1,1,"Baseline (RR Mean)"
1,1,"Baseline (RR Mean)"
1,1,"Baseline (RR Mean)"
1,1,"Baseline (RR Mean)"
1,1,"Baseline (RR Mean)"
1,1,"Baseline (RR Mean)"
1,1,"Baseline (RR Mean)"
1,1,"Baseline (RR Mean)"
1,1,"Baseline (RR Mean)"
1,1,"Baseline (RR Mean)"
1,1,"Baseline (RR Mean)"
1,1,"Baseline (RR Mean)"
1,1,"Baseline (RR Mean)"
1,1,"Baseline (RR Mean)"
1,1,"Baseline (RR Mean)"
1,1,"Baseline (RR Mean)"
1,1,"Baseline (RR Mean)"
1,1,"Baseline (RR Mean)"
1,1,"Baseline (RR Mean)"
1,1,"Baseline (RR Mean)"
1,1,"Baseline (RR Mean)"
1,1,"Baseline (RR Mean)"
1,1,"Baseline (RR Mean)"
1,1,"Baseline (RR Mean)"
1,1,"Baseline (RR Mean)"
1,1,"Baseline (RR Mean)"
1,1,"Baseline (RR Mean)"
1,1,"Baseline (RR Mean)"
1,1,"Baseline (RR Mean)"
1,1,"Baseline (RR Mean)"
1,1,"Baseline (RR Mean)"
1,1,"Baseline (RR Mean)"
1,1,"Baseline (RR Mean)"
1,1,"Baseline (RR Mean)"
1,1,"Baseline (RR Mean)"
1,1,"Baseline (RR Mean)"
1,1,"Baseline (RR Mean)"
1,1,"Baseline (RR Mean)"
1,1,"Baseline (RR Mean)"
1,1,"Baseline (RR Mean)"
1,1,"Baseline (RR Mean)"
1,1,"Baseline (RR Mean)"
1,1,"Baseline (RR Mean)"
1,1,"Baseline (RR Mean)"
1,1,"Baseline (RR Mean)"
1,1,"Baseline (RR Mean)"
1,1,"Baseline (RR Mean)"
1,1,"Baseline (RR Mean)"
1,1,"Baseline (RR Mean)"
1,1,"Baseline (RR Mean)"
1,1,"Baseline (RR Mean)"
1,1,"Baseline (RR Mean)"
1,1,"Baseline (RR Mean)"
1,1,"Baseline (RR Mean)"
1,1,"Baseline (RR Mean)"
1,1,"Baseline (RR Mean)"
1,1,"Baseline (RR Mean)"
1,1,"Baseline (RR Mean)"
1,1,"Baseline (RR Mean)"
1,1,"Baseline (RR Mean)"
1,1,"Baseline (RR Mean)"
1,1,"Baseline (RR Mean)"
1,1,"Baseline (RR Mean)"
1,1,"Baseline (RR Mean)"
1,1,"Baseline (RR Mean)"
1,1,"Baseline (RR Mean)"
1,1,"Baseline (RR Mean)"
1,1,"Baseline (RR Mean)"
1,1,"Baseline (RR Mean)"
1,1,"Baseline (RR Mean)"
1,1,"Baseline (RR Mean)"
1,1,"Baseline (RR Mean)"
1,1,"Baseline (RR Mean)"
1,1,"Baseline (RR Mean)"
1,1,"Baseline (RR Mean)"
1,1,"Baseline (RR Mean)"
1,1,"Baseline (RR Mean)"
1,1,"Baseline (RR Mean)"
1,1,"Baseline (RR Mean)"
1,1,"Baseline (RR Mean)"
1,1,"Baseline (RR Mean)"
1,1,"Baseline (RR Mean)"
1,1,"Baseline (RR Mean)"
1,1,"Baseline (RR Mean)"
1,1,"Baseline (RR Mean)"
1,1,"Baseline (RR Mean)"
1,1,"Baseline (RR Mean)"
1,1,"Baseline (RR Mean)"
1,1,"Baseline (RR Mean)"
1,1,"Baseline (RR Mean)"
1,1,"Baseline (RR Mean)"
1,1,"Baseline (RR Mean)"
1,1,"Baseline (RR Mean)"
1,1,"Baseline (RR Mean)"
1,1,"Baseline (RR Mean)"
1,1,"Baseline (RR Mean)"
1,1,"Baseline (RR Mean)"
1,1,"Baseline (RR Mean)"
1,1,"Baseline (RR Mean)"
1,1,"Baseline (RR Mean)"
1,1,"Baseline (RR Mean)"
1,1,"Baseline (RR Mean)"
1,1,"Baseline (RR Mean)"
1,1,"Baseline (RR Mean)"
0,0,"SINATRA"
0.000703952467062775,0.0130612244897959,"SINATRA"
0.0153758718677344,0.304163265306122,"SINATRA"
0.0339343838801343,0.507591836734694,"SINATRA"
0.059035133040558,0.643020408163265,"SINATRA"
0.0787238439679669,0.728,"SINATRA"
0.101671402738311,0.773551020408163,"SINATRA"
0.124325755618703,0.804081632653061,"SINATRA"
0.145189873417722,0.822204081632653,"SINATRA"
0.165362955308706,0.82669387755102,"SINATRA"
0.183712219064841,0.844408163265306,"SINATRA"
0.204339963833635,0.86,"SINATRA"
0.223258847842935,0.865714285714286,"SINATRA"
0.245740118832343,0.872816326530612,"SINATRA"
0.267384396796693,0.883510204081633,"SINATRA"
0.292150607078274,0.888326530612245,"SINATRA"
0.312370188581762,0.898285714285714,"SINATRA"
0.331267114440713,0.907265306122449,"SINATRA"
0.345215706535779,0.913224489795918,"SINATRA"
0.361210281580987,0.923510204081633,"SINATRA"
0.37977008524929,0.930285714285714,"SINATRA"
0.395245414621545,0.935591836734694,"SINATRA"
0.41200464996125,0.940163265306122,"SINATRA"
0.427832601394988,0.942367346938775,"SINATRA"
0.443541720485663,0.946448979591837,"SINATRA"
0.460241539653836,0.949142857142857,"SINATRA"
0.476029449754585,0.951020408163265,"SINATRA"
0.492065357788685,0.952326530612245,"SINATRA"
0.507154482045983,0.955102040816327,"SINATRA"
0.520678119349005,0.957387755102041,"SINATRA"
0.536881942650478,0.958122448979592,"SINATRA"
0.552455437871351,0.959102040816327,"SINATRA"
0.568965383621803,0.959836734693878,"SINATRA"
0.585643244639628,0.965469387755102,"SINATRA"
0.603262722810643,0.970857142857143,"SINATRA"
0.617684060966159,0.971265306122449,"SINATRA"
0.635116249031258,0.974530612244898,"SINATRA"
0.649456212864893,0.976163265306122,"SINATRA"
0.664584086799277,0.978857142857143,"SINATRA"
0.677200981658486,0.980408163265306,"SINATRA"
0.690889950917076,0.980897959183674,"SINATRA"
0.705313872384397,0.981714285714286,"SINATRA"
0.719892792560062,0.982938775510204,"SINATRA"
0.736925858951175,0.983918367346939,"SINATRA"
0.75124773960217,0.985142857142857,"SINATRA"
0.764740377163524,0.985387755102041,"SINATRA"
0.775758202014983,0.985551020408163,"SINATRA"
0.789215964866959,0.987020408163265,"SINATRA"
0.803504262464479,0.987755102040816,"SINATRA"
0.81302247481271,0.988979591836735,"SINATRA"
0.82450917075691,0.990448979591837,"SINATRA"
0.834272797726686,0.990612244897959,"SINATRA"
0.843388013433221,0.991265306122449,"SINATRA"
0.854917334022216,0.992081632653061,"SINATRA"
0.864692585895118,0.992489795918367,"SINATRA"
0.874613794885043,0.993061224489796,"SINATRA"
0.882366313614053,0.993795918367347,"SINATRA"
0.891615861534487,0.994285714285714,"SINATRA"
0.901490570911909,0.996081632653061,"SINATRA"
0.908656677861018,0.996408163265306,"SINATRA"
0.915652286230948,0.996489795918367,"SINATRA"
0.922323688969259,0.997224489795918,"SINATRA"
0.928142598811677,0.99730612244898,"SINATRA"
0.935277706019117,0.998122448979592,"SINATRA"
0.940866701110824,0.998122448979592,"SINATRA"
0.947396021699819,0.998448979591837,"SINATRA"
0.952377938517179,0.998530612244898,"SINATRA"
0.955784035133041,0.998775510204082,"SINATRA"
0.959854042882976,0.998857142857143,"SINATRA"
0.964919917334022,0.999102040816327,"SINATRA"
0.968583053474554,0.999102040816327,"SINATRA"
0.972154482045983,0.999510204081633,"SINATRA"
0.97559932833893,0.999510204081633,"SINATRA"
0.978168431929734,0.999755102040816,"SINATRA"
0.980321622319814,0.999755102040816,"SINATRA"
0.982423146473779,0.999918367346939,"SINATRA"
0.984626711444071,0.999918367346939,"SINATRA"
0.986726943942134,0.999918367346939,"SINATRA"
0.9885585120124,0.999918367346939,"SINATRA"
0.990176956858693,0.999918367346939,"SINATRA"
0.991367863601137,0.999918367346939,"SINATRA"
0.992780935158874,1,"SINATRA"
0.993995091707569,1,"SINATRA"
0.994653836218031,1,"SINATRA"
0.995382330147249,1,"SINATRA"
0.996087574270214,1,"SINATRA"
0.996552570395247,1,"SINATRA"
0.997045982950142,1,"SINATRA"
0.997432188065099,1,"SINATRA"
0.997787393438388,1,"SINATRA"
0.998106432446396,1,"SINATRA"
0.998478429346422,1,"SINATRA"
0.998731593903384,1,"SINATRA"
0.99890984241798,1,"SINATRA"
0.999010591578403,1,"SINATRA"
0.999191423404805,1,"SINATRA"
0.999289589253423,1,"SINATRA"
0.999391630069749,1,"SINATRA"
0.999485920950659,1,"SINATRA"
0.999569878584345,1,"SINATRA"
0.99965771118574,1,"SINATRA"
0.999699044174632,1,"SINATRA"
0.999735210539912,1,"SINATRA"
0.999764918625678,1,"SINATRA"
0.999785585120124,1,"SINATRA"
0.999803668302764,1,"SINATRA"
0.999804959958667,1,"SINATRA"
0.999845001291656,1,"SINATRA"
0.999861792818393,1,"SINATRA"
0.999885042624645,1,"SINATRA"
0.999888917592353,1,"SINATRA"
0.999894084215965,1,"SINATRA"
0.999896667527771,1,"SINATRA"
0.999912167398605,1,"SINATRA"
0.999913459054508,1,"SINATRA"
0.999939292172565,1,"SINATRA"
0.999943167140274,1,"SINATRA"
0.999944458796177,1,"SINATRA"
0.999949625419788,1,"SINATRA"
0.999950917075691,1,"SINATRA"
0.999950917075691,1,"SINATRA"
0.999950917075691,1,"SINATRA"
0.999950917075691,1,"SINATRA"
0.999980625161457,1,"SINATRA"
0.999985791785068,1,"SINATRA"
0.999987083440971,1,"SINATRA"
0.999988375096874,1,"SINATRA"
0.999998708344097,1,"SINATRA"
0.999998708344097,1,"SINATRA"
0.999998708344097,1,"SINATRA"
0.999998708344097,1,"SINATRA"
0.999998708344097,1,"SINATRA"
1,1,"SINATRA"
1,1,"SINATRA"
1,1,"SINATRA"
1,1,"SINATRA"
1,1,"SINATRA"
1,1,"SINATRA"
1,1,"SINATRA"
1,1,"SINATRA"
1,1,"SINATRA"
1,1,"SINATRA"
1,1,"SINATRA"
1,1,"SINATRA"
1,1,"SINATRA"
1,1,"SINATRA"
1,1,"SINATRA"
1,1,"SINATRA"
1,1,"SINATRA"
1,1,"SINATRA"
1,1,"SINATRA"
1,1,"SINATRA"
1,1,"SINATRA"
1,1,"SINATRA"
1,1,"SINATRA"
1,1,"SINATRA"
1,1,"SINATRA"
1,1,"SINATRA"
1,1,"SINATRA"
1,1,"SINATRA"
1,1,"SINATRA"
1,1,"SINATRA"
1,1,"SINATRA"
1,1,"SINATRA"
1,1,"SINATRA"
1,1,"SINATRA"
1,1,"SINATRA"
1,1,"SINATRA"
1,1,"SINATRA"
1,1,"SINATRA"
1,1,"SINATRA"
1,1,"SINATRA"
1,1,"SINATRA"
1,1,"SINATRA"
1,1,"SINATRA"
1,1,"SINATRA"
1,1,"SINATRA"
1,1,"SINATRA"
1,1,"SINATRA"
1,1,"SINATRA"
1,1,"SINATRA"
1,1,"SINATRA"
1,1,"SINATRA"
1,1,"SINATRA"
1,1,"SINATRA"
1,1,"SINATRA"
1,1,"SINATRA"
1,1,"SINATRA"
1,1,"SINATRA"
1,1,"SINATRA"
1,1,"SINATRA"
1,1,"SINATRA"
1,1,"SINATRA"
1,1,"SINATRA"
1,1,"SINATRA"
1,1,"SINATRA"
1,1,"SINATRA"
1,1,"SINATRA"
1,1,"SINATRA"
1,1,"SINATRA"
1,1,"SINATRA"
1,1,"SINATRA"
1,1,"SINATRA"
1,1,"SINATRA"
1,1,"SINATRA"
1,1,"SINATRA"
1,1,"SINATRA"
1,1,"SINATRA"
1,1,"SINATRA"
1,1,"SINATRA"
1,1,"SINATRA"
1,1,"SINATRA"
1,1,"SINATRA"
1,1,"SINATRA"
1,1,"SINATRA"
1,1,"SINATRA"
1,1,"SINATRA"
1,1,"SINATRA"
1,1,"SINATRA"
1,1,"SINATRA"
1,1,"SINATRA"
1,1,"SINATRA"
1,1,"SINATRA"
1,1,"SINATRA"
1,1,"SINATRA"
1,1,"SINATRA"
1,1,"SINATRA"
1,1,"SINATRA"
1,1,"SINATRA"
1,1,"SINATRA"
1,1,"SINATRA"
1,1,"SINATRA"
1,1,"SINATRA"
1,1,"SINATRA"
1,1,"SINATRA"
1,1,"SINATRA"
1,1,"SINATRA"
1,1,"SINATRA"
1,1,"SINATRA"
1,1,"SINATRA"
1,1,"SINATRA"
1,1,"SINATRA"
1,1,"SINATRA"
1,1,"SINATRA"
1,1,"SINATRA"
1,1,"SINATRA"
1,1,"SINATRA"
1,1,"SINATRA"
1,1,"SINATRA"
1,1,"SINATRA"
0,0,"Limit Shapes"
0.0133923722471394,0.0834563157894736,"Limit Shapes"
0.0133923722471394,0.0834563157894736,"Limit Shapes"
0.0133923722471394,0.0834563157894736,"Limit Shapes"
0.0133923722471394,0.0834563157894736,"Limit Shapes"
0.0133923722471394,0.0834563157894736,"Limit Shapes"
0.0133923722471394,0.0834563157894736,"Limit Shapes"
0.0133923722471394,0.0834563157894736,"Limit Shapes"
0.0133923722471394,0.0834563157894736,"Limit Shapes"
0.0133923722471394,0.0834563157894736,"Limit Shapes"
0.0133984815718982,0.0837063157894736,"Limit Shapes"
0.0140788550370833,0.11223,"Limit Shapes"
0.0147309264888802,0.142107368421053,"Limit Shapes"
0.0153341228264853,0.173254210526316,"Limit Shapes"
0.0159273559635206,0.204885789473684,"Limit Shapes"
0.0165456643251975,0.235582105263158,"Limit Shapes"
0.0171459683204905,0.26699052631579,"Limit Shapes"
0.0177758548254737,0.297369473684211,"Limit Shapes"
0.01841378198015,0.327550526315789,"Limit Shapes"
0.0190539594225638,0.357631052631579,"Limit Shapes"
0.0197246834887718,0.386821578947369,"Limit Shapes"
0.020421453087178,0.415142631578947,"Limit Shapes"
0.0211420158655608,0.442682631578947,"Limit Shapes"
0.0219066269941627,0.468969473684211,"Limit Shapes"
0.0227130408303355,0.493838421052632,"Limit Shapes"
0.0235188089990865,0.518744736842106,"Limit Shapes"
0.0243769892595211,0.542071578947368,"Limit Shapes"
0.0252679674637296,0.564428947368421,"Limit Shapes"
0.026178559299727,0.586065789473684,"Limit Shapes"
0.0271492792369667,0.605922105263158,"Limit Shapes"
0.028134791719354,0.62523,"Limit Shapes"
0.0291576027209901,0.643437368421053,"Limit Shapes"
0.0302112818898288,0.660634736842105,"Limit Shapes"
0.0312942220249493,0.676982631578947,"Limit Shapes"
0.0324131745056851,0.6922,"Limit Shapes"
0.0335626710296099,0.706444736842105,"Limit Shapes"
0.0347414305843006,0.719832105263158,"Limit Shapes"
0.0359250138062378,0.73299,"Limit Shapes"
0.0371610070553746,0.744556315789474,"Limit Shapes"
0.0384095410135585,0.755733157894736,"Limit Shapes"
0.0397053428850134,0.765441052631579,"Limit Shapes"
0.0410101500363865,0.774891052631579,"Limit Shapes"
0.042319132090858,0.784165789473684,"Limit Shapes"
0.0436593074687876,0.792484210526316,"Limit Shapes"
0.0450200605926102,0.800211578947368,"Limit Shapes"
0.0463959257405047,0.807388421052631,"Limit Shapes"
0.0477981564156426,0.813784210526316,"Limit Shapes"
0.0492129303804328,0.819823157894737,"Limit Shapes"
0.050642816885416,0.825372105263158,"Limit Shapes"
0.0520730280305337,0.830874210526315,"Limit Shapes"
0.0535170650260899,0.835975789473684,"Limit Shapes"
0.0549823233704769,0.840427368421053,"Limit Shapes"
0.0564472586230923,0.844876315789473,"Limit Shapes"
0.0579134815977043,0.849287368421052,"Limit Shapes"
0.0593896698373702,0.853355789473684,"Limit Shapes"
0.0608716463745077,0.857284736842105,"Limit Shapes"
0.0623684149406719,0.860734736842105,"Limit Shapes"
0.0638574680133985,0.864456315789474,"Limit Shapes"
0.065351019597116,0.868054736842105,"Limit Shapes"
0.0668625781278225,0.870983684210526,"Limit Shapes"
0.0683744576858164,0.874022631578948,"Limit Shapes"
0.0698901942163476,0.876868947368421,"Limit Shapes"
0.0714136467564373,0.879484736842105,"Limit Shapes"
0.072931634090827,0.882291578947368,"Limit Shapes"
0.0744541199362074,0.884955263157895,"Limit Shapes"
0.0759904331803895,0.887209999999999,"Limit Shapes"
0.07751195697615,0.889846315789473,"Limit Shapes"
0.0790463383792766,0.892138421052631,"Limit Shapes"
0.0805894014544291,0.89418052631579,"Limit Shapes"
0.0821308568125397,0.896192631578947,"Limit Shapes"
0.083670382394079,0.898344210526316,"Limit Shapes"
0.0852118382683107,0.900386842105263,"Limit Shapes"
0.0867577942018962,0.902327894736842,"Limit Shapes"
0.0883034280759524,0.904218421052632,"Limit Shapes"
0.0898622447136302,0.905818421052631,"Limit Shapes"
0.0914181674606329,0.907378421052631,"Limit Shapes"
0.0929760194680857,0.908938421052632,"Limit Shapes"
0.0945329073614344,0.910518947368421,"Limit Shapes"
0.0960869003318659,0.912178947368421,"Limit Shapes"
0.0976418594808856,0.91379947368421,"Limit Shapes"
0.0992032484658302,0.91528947368421,"Limit Shapes"
0.100768174428267,0.91657947368421,"Limit Shapes"
0.102327312093232,0.91811947368421,"Limit Shapes"
0.103888701594298,0.91954947368421,"Limit Shapes"
0.10545266292651,0.92091947368421,"Limit Shapes"
0.107019839692805,0.92215947368421,"Limit Shapes"
0.108582514851383,0.92352947368421,"Limit Shapes"
0.110151942421537,0.924749473684211,"Limit Shapes"
0.111722978224853,0.92588,"Limit Shapes"
0.113290154991148,0.92716,"Limit Shapes"
0.114858939474486,0.92838,"Limit Shapes"
0.116427080871006,0.92958,"Limit Shapes"
0.117996186897751,0.93079,"Limit Shapes"
0.119565614467905,0.93199,"Limit Shapes"
0.121144366796901,0.9329,"Limit Shapes"
0.122719582148405,0.9339,"Limit Shapes"
0.124288045088334,0.93513,"Limit Shapes"
0.125857794201896,0.93629,"Limit Shapes"
0.127431722863646,0.93732,"Limit Shapes"
0.129008867991721,0.93826,"Limit Shapes"
0.130583440256409,0.9393,"Limit Shapes"
0.132161871041997,0.94021,"Limit Shapes"
0.133737407936909,0.94126,"Limit Shapes"
0.135314874092272,0.94216,"Limit Shapes"
0.13689523413831,0.94305,"Limit Shapes"
0.138469806402998,0.94405,"Limit Shapes"
0.14004148477701,0.94516,"Limit Shapes"
0.141617021671922,0.9462,"Limit Shapes"
0.143196738631144,0.94705,"Limit Shapes"
0.144777098677182,0.94788,"Limit Shapes"
0.146355207919361,0.94878,"Limit Shapes"
0.147929137097232,0.94986,"Limit Shapes"
0.149507246339412,0.9508,"Limit Shapes"
0.151088249472266,0.9516,"Limit Shapes"
0.152667001801262,0.95249,"Limit Shapes"
0.154241895609359,0.95352,"Limit Shapes"
0.15582161256858,0.95443,"Limit Shapes"
0.157399078723942,0.95532,"Limit Shapes"
0.158980724943614,0.95615,"Limit Shapes"
0.160562371163285,0.95697,"Limit Shapes"
0.162136300341156,0.95802,"Limit Shapes"
0.16371537421356,0.9589,"Limit Shapes"
0.165298628150274,0.95966,"Limit Shapes"
0.166877702022678,0.96054,"Limit Shapes"
0.168454203547816,0.9615,"Limit Shapes"
0.170038100571346,0.96224,"Limit Shapes"
0.171614602096484,0.9632,"Limit Shapes"
0.17319914220683,0.96393,"Limit Shapes"
0.174776608362193,0.96489,"Limit Shapes"
0.176355682234598,0.96575,"Limit Shapes"
0.177946331669703,0.96631,"Limit Shapes"
0.179533444127317,0.96695,"Limit Shapes"
0.181115733433805,0.96773,"Limit Shapes"
0.182704132065052,0.96836,"Limit Shapes"
0.184284813654498,0.96917,"Limit Shapes"
0.185873855372562,0.96975,"Limit Shapes"
0.1874580739395,0.97047,"Limit Shapes"
0.187970925869535,0.97064,"Limit Shapes"
0.190634228115178,0.9717,"Limit Shapes"
0.192221983659608,0.97236,"Limit Shapes"
0.193807166856771,0.973,"Limit Shapes"
0.195396208574835,0.9736,"Limit Shapes"
0.196987501096757,0.97414,"Limit Shapes"
0.198569790403246,0.97489,"Limit Shapes"
0.200159796751534,0.97543,"Limit Shapes"
0.201752053903681,0.97594,"Limit Shapes"
0.203342381795379,0.97647,"Limit Shapes"
0.204937211294793,0.97689,"Limit Shapes"
0.206528825360124,0.97737,"Limit Shapes"
0.208121404055679,0.97787,"Limit Shapes"
0.208652906535641,0.97807,"Limit Shapes"
0.211304953729749,0.97886,"Limit Shapes"
0.212896567795079,0.97933,"Limit Shapes"
0.214487538773593,0.97986,"Limit Shapes"
0.216082368273008,0.98025,"Limit Shapes"
0.217678483946055,0.98061,"Limit Shapes"
0.219274921162511,0.98095,"Limit Shapes"
0.220871358378967,0.9813,"Limit Shapes"
0.222466830965198,0.98169,"Limit Shapes"
0.224064232811879,0.982,"Limit Shapes"
0.225658419224477,0.98241,"Limit Shapes"
0.227254856440933,0.9828,"Limit Shapes"
0.228852901374431,0.98308,"Limit Shapes"
0.229374116529808,0.98322,"Limit Shapes"
0.232044489633709,0.98381,"Limit Shapes"
0.233641569936981,0.98415,"Limit Shapes"
0.235240257957296,0.98442,"Limit Shapes"
0.236834765913302,0.98485,"Limit Shapes"
0.2384289523259,0.98527,"Limit Shapes"
0.238968494939433,0.9854,"Limit Shapes"
0.241621183671994,0.98599,"Limit Shapes"
0.243222444039576,0.98617,"Limit Shapes"
0.24481920279944,0.98651,"Limit Shapes"
0.246419176993389,0.98675,"Limit Shapes"
0.248015614209845,0.9871,"Limit Shapes"
0.249612372969709,0.98745,"Limit Shapes"
0.250113655014374,0.98753,"Limit Shapes"
0.252808784380112,0.98804,"Limit Shapes"
0.254404578509752,0.98841,"Limit Shapes"
0.256004874247109,0.98862,"Limit Shapes"
0.257604526897648,0.98888,"Limit Shapes"
0.259202571831146,0.98917,"Limit Shapes"
0.259685525385413,0.98921,"Limit Shapes"
0.262402520219041,0.98968,"Limit Shapes"
0.264002494412989,0.9899,"Limit Shapes"
0.265603111693755,0.99012,"Limit Shapes"
0.267203085887703,0.99037,"Limit Shapes"
0.268800487734384,0.99069,"Limit Shapes"
0.270400140384923,0.99093,"Limit Shapes"
0.272001722295912,0.99115,"Limit Shapes"
0.273600088772819,0.9914,"Limit Shapes"
0.275201027596991,0.99162,"Limit Shapes"
0.276804538768432,0.99175,"Limit Shapes"
0.278407085309647,0.99193,"Limit Shapes"
0.28000609487337,0.99217,"Limit Shapes"
0.280423774083498,0.99221,"Limit Shapes"
0.283209580238757,0.99255,"Limit Shapes"
0.284808911345888,0.99283,"Limit Shapes"
0.286410493256879,0.99299,"Limit Shapes"
0.288013039798094,0.99316,"Limit Shapes"
0.289616229426125,0.99332,"Limit Shapes"
0.290007864136297,0.99337,"Limit Shapes"
0.292821000965146,0.99366,"Limit Shapes"
0.294422904419544,0.99382,"Limit Shapes"
0.296026094047577,0.99395,"Limit Shapes"
0.297628640588792,0.99412,"Limit Shapes"
0.299230544043189,0.99428,"Limit Shapes"
0.300832125954179,0.99447,"Limit Shapes"
0.301181960021264,0.9945,"Limit Shapes"
0.3040368974932,0.9948,"Limit Shapes"
0.305640408664641,0.99493,"Limit Shapes"
0.307242312119038,0.99511,"Limit Shapes"
0.308848717181154,0.99517,"Limit Shapes"
0.310451906809185,0.99532,"Limit Shapes"
0.31080174087627,0.99534,"Limit Shapes"
0.313659893782289,0.99553,"Limit Shapes"
0.315264691127364,0.99565,"Limit Shapes"
0.316869166929029,0.99574,"Limit Shapes"
0.318470748840018,0.9959,"Limit Shapes"
0.320074903098275,0.99602,"Limit Shapes"
0.321678735813122,0.99616,"Limit Shapes"
0.323281925441154,0.99628,"Limit Shapes"
0.324885436612594,0.9964,"Limit Shapes"
0.326491198587893,0.9965,"Limit Shapes"
0.328094066672517,0.99661,"Limit Shapes"
0.329698542474181,0.99672,"Limit Shapes"
0.331301410558804,0.99687,"Limit Shapes"
0.331648672278623,0.99688,"Limit Shapes"
0.334508754445092,0.99712,"Limit Shapes"
0.336111622529716,0.99727,"Limit Shapes"
0.337714812157748,0.99741,"Limit Shapes"
0.339319287959412,0.99751,"Limit Shapes"
0.340923763761077,0.99762,"Limit Shapes"
0.342525988758883,0.99777,"Limit Shapes"
0.344131107647365,0.99787,"Limit Shapes"
0.345733975731989,0.99801,"Limit Shapes"
0.347338129990245,0.99813,"Limit Shapes"
0.348943248878727,0.99819,"Limit Shapes"
0.350548689310617,0.99827,"Limit Shapes"
0.352153165112282,0.99839,"Limit Shapes"
0.352504926891454,0.9984,"Limit Shapes"
0.355360187455163,0.99864,"Limit Shapes"
0.356964663256827,0.99872,"Limit Shapes"
0.358569782145309,0.99881,"Limit Shapes"
0.360174257946974,0.99891,"Limit Shapes"
0.361779055292047,0.999,"Limit Shapes"
0.362117311731948,0.99904,"Limit Shapes"
0.364988328438784,0.99918,"Limit Shapes"
0.366593768870676,0.99926,"Limit Shapes"
0.368199852389382,0.99932,"Limit Shapes"
0.369805292821272,0.99938,"Limit Shapes"
0.371411376339979,0.99943,"Limit Shapes"
0.373018424488911,0.99946,"Limit Shapes"
0.374623221833984,0.99953,"Limit Shapes"
0.376231877699959,0.99954,"Limit Shapes"
0.377837639675257,0.99957,"Limit Shapes"
0.379445330911005,0.99958,"Limit Shapes"
0.381051414429712,0.99961,"Limit Shapes"
0.382657819491827,0.99966,"Limit Shapes"
0.383003152467317,0.99967,"Limit Shapes"
0.385871915789691,0.99969,"Limit Shapes"
0.387479285482031,0.99971,"Limit Shapes"
0.389086333630963,0.99973,"Limit Shapes"
0.390693381779895,0.99974,"Limit Shapes"
0.392301394559052,0.99976,"Limit Shapes"
0.39390715653435,0.99979,"Limit Shapes"
0.395513883139875,0.99982,"Limit Shapes"
0.397121895919031,0.99982,"Limit Shapes"
0.398728622524555,0.99984,"Limit Shapes"
0.40033695684712,0.99984,"Limit Shapes"
0.401943361909234,0.99988,"Limit Shapes"
0.403550410058166,0.9999,"Limit Shapes"
0.403877091451487,0.9999,"Limit Shapes"
0.406764827899439,0.99995,"Limit Shapes"
0.408371554504962,0.99995,"Limit Shapes"
0.409978602653895,0.99997,"Limit Shapes"
0.411586293889643,0.99997,"Limit Shapes"
0.4131943066688,0.99998,"Limit Shapes"
0.413548321832436,0.99998,"Limit Shapes"
0.416409046053481,0.99999,"Limit Shapes"
0.418017058832638,0.99999,"Limit Shapes"
0.419624428524978,0.99999,"Limit Shapes"
0.421231155130501,1,"Limit Shapes"
0.422838846366249,1,"Limit Shapes"
0.424447502232222,1,"Limit Shapes"
0.426054550381155,1,"Limit Shapes"
0.427662563160312,1,"Limit Shapes"
0.429269932852652,1,"Limit Shapes"
0.430877624088402,1,"Limit Shapes"
0.432486279954375,1,"Limit Shapes"
0.434093649646715,1,"Limit Shapes"
0.434429976310044,1,"Limit Shapes"
0.437309032118213,1,"Limit Shapes"
0.438916080267145,1,"Limit Shapes"
0.440524093046301,1,"Limit Shapes"
0.442131141195232,1,"Limit Shapes"
0.443739475517798,1,"Limit Shapes"
0.44534652366673,1,"Limit Shapes"
0.446955179532704,1,"Limit Shapes"
0.448562227681635,1,"Limit Shapes"
0.450170240460794,1,"Limit Shapes"
0.451777931696542,1,"Limit Shapes"
0.453384979845474,1,"Limit Shapes"
0.45499331416804,1,"Limit Shapes"
0.455290738207925,1,"Limit Shapes"
0.458208696639537,1,"Limit Shapes"
0.459816066331876,1,"Limit Shapes"
0.461424722197849,1,"Limit Shapes"
0.463031127259964,1,"Limit Shapes"
0.464638818495713,1,"Limit Shapes"
0.464932385046941,1,"Limit Shapes"
0.467855487140844,1,"Limit Shapes"
0.469462535289775,1,"Limit Shapes"
0.471070226525525,1,"Limit Shapes"
0.472677917761274,1,"Limit Shapes"
0.474285287453614,1,"Limit Shapes"
0.475892978689363,1,"Limit Shapes"
0.477502599185562,1,"Limit Shapes"
0.479109004247676,1,"Limit Shapes"
0.480717017026833,1,"Limit Shapes"
0.482324065175764,1,"Limit Shapes"
0.483931756411513,1,"Limit Shapes"
0.485539447647262,1,"Limit Shapes"
0.48714713888301,1,"Limit Shapes"
0.48875450857535,1,"Limit Shapes"
0.490362521354509,1,"Limit Shapes"
0.491970212590257,1,"Limit Shapes"
0.493578225369414,1,"Limit Shapes"
0.495184951974938,1,"Limit Shapes"
0.496792643210686,1,"Limit Shapes"
0.498400655989843,1,"Limit Shapes"
0.500008989796287,1,"Limit Shapes"
0.501616681548156,1,"Limit Shapes"
0.503224694327313,1,"Limit Shapes"
0.504831742476244,1,"Limit Shapes"
0.506439112168586,1,"Limit Shapes"
0.508047124947742,1,"Limit Shapes"
0.509655137726898,1,"Limit Shapes"
0.511262185875832,1,"Limit Shapes"
0.512871163285214,1,"Limit Shapes"
0.514477246803921,1,"Limit Shapes"
0.516086224213303,1,"Limit Shapes"
0.517692950818827,1,"Limit Shapes"
0.519300642054575,1,"Limit Shapes"
0.520909297920548,1,"Limit Shapes"
0.522516989156296,1,"Limit Shapes"
0.524125323478861,1,"Limit Shapes"
0.525732050084386,1,"Limit Shapes"
0.527339098233317,1,"Limit Shapes"
0.528948075642699,1,"Limit Shapes"
0.530554480704816,1,"Limit Shapes"
0.532162493483973,1,"Limit Shapes"
0.533770184719721,1,"Limit Shapes"
0.53537787595547,1,"Limit Shapes"
0.536985567191219,1,"Limit Shapes"
0.538593579970375,1,"Limit Shapes"
0.540201592749532,1,"Limit Shapes"
0.541808640898463,1,"Limit Shapes"
0.543416332134211,1,"Limit Shapes"
0.545025309543593,1,"Limit Shapes"
0.546632036149117,1,"Limit Shapes"
0.548240048928274,1,"Limit Shapes"
0.549846775533797,1,"Limit Shapes"
0.551456396029998,1,"Limit Shapes"
0.553063444178929,1,"Limit Shapes"
0.554671456958086,1,"Limit Shapes"
0.556277862020202,1,"Limit Shapes"
0.557885874799359,1,"Limit Shapes"
0.559493887578515,1,"Limit Shapes"
0.561100935727446,1,"Limit Shapes"
0.562708626963195,1,"Limit Shapes"
0.564316639742351,1,"Limit Shapes"
0.565924009434692,1,"Limit Shapes"
0.567531057583624,1,"Limit Shapes"
0.569140678079822,1,"Limit Shapes"
0.570748047772165,1,"Limit Shapes"
0.572354774377688,1,"Limit Shapes"
0.573963430243661,1,"Limit Shapes"
0.575571443022819,1,"Limit Shapes"
0.577178169628342,1,"Limit Shapes"
0.578786182407499,1,"Limit Shapes"
0.580392909013022,1,"Limit Shapes"
0.582001243335586,1,"Limit Shapes"
0.583611506918601,1,"Limit Shapes"
0.585217911980718,1,"Limit Shapes"
0.586824960129649,1,"Limit Shapes"
0.588432972908805,1,"Limit Shapes"
0.59003937797092,1,"Limit Shapes"
0.591647069206671,1,"Limit Shapes"
0.593255725072645,1,"Limit Shapes"
0.594863416308394,1,"Limit Shapes"
0.596470464457326,1,"Limit Shapes"
0.598080084953524,1,"Limit Shapes"
0.598616090589566,1,"Limit Shapes"
0.601293859707978,1,"Limit Shapes"
0.602903158660768,1,"Limit Shapes"
0.603446563924172,1,"Limit Shapes"
0.606115647241591,1,"Limit Shapes"
0.607724624650972,1,"Limit Shapes"
0.60933231588672,1,"Limit Shapes"
0.61094032866588,1,"Limit Shapes"
0.612549306075262,1,"Limit Shapes"
0.61415506805056,1,"Limit Shapes"
0.615764367003351,1,"Limit Shapes"
0.617371093608874,1,"Limit Shapes"
0.618978784844622,1,"Limit Shapes"
0.620585832993554,1,"Limit Shapes"
0.622193524229302,1,"Limit Shapes"
0.623803466268908,1,"Limit Shapes"
0.625411479048066,1,"Limit Shapes"
0.627017241023364,1,"Limit Shapes"
0.628625896889337,1,"Limit Shapes"
0.629155796813468,1,"Limit Shapes"
0.631841600904245,1,"Limit Shapes"
0.63344800596636,1,"Limit Shapes"
0.635055697202109,1,"Limit Shapes"
0.636663388437858,1,"Limit Shapes"
0.638271079673606,1,"Limit Shapes"
0.639878127822537,1,"Limit Shapes"
0.641485497514877,1,"Limit Shapes"
0.643093510294033,1,"Limit Shapes"
0.644702166160006,1,"Limit Shapes"
0.646308571222122,1,"Limit Shapes"
0.647916262457871,1,"Limit Shapes"
0.649524918323844,1,"Limit Shapes"
0.650060924476007,1,"Limit Shapes"
0.65274094388216,1,"Limit Shapes"
0.654347348944275,1,"Limit Shapes"
0.654910360097649,1,"Limit Shapes"
0.657564017589406,1,"Limit Shapes"
0.659172030368562,1,"Limit Shapes"
0.660780686234536,1,"Limit Shapes"
0.66238709129665,1,"Limit Shapes"
0.66399446098899,1,"Limit Shapes"
0.665601830681331,1,"Limit Shapes"
0.667209521917079,1,"Limit Shapes"
0.668816891609419,1,"Limit Shapes"
0.670424261301762,1,"Limit Shapes"
0.672032917167735,1,"Limit Shapes"
0.673640929946892,1,"Limit Shapes"
0.675248942209929,1,"Limit Shapes"
0.676855990874981,1,"Limit Shapes"
0.678464003654137,1,"Limit Shapes"
0.68007073025966,1,"Limit Shapes"
0.680645640067509,1,"Limit Shapes"
0.683286755817974,1,"Limit Shapes"
0.684893482423496,1,"Limit Shapes"
0.686501173143125,1,"Limit Shapes"
0.688110151068627,1,"Limit Shapes"
0.689717842304376,1,"Limit Shapes"
0.691325211996718,1,"Limit Shapes"
0.692933867862692,1,"Limit Shapes"
0.69454155909844,1,"Limit Shapes"
0.696147321073739,1,"Limit Shapes"
0.697756620026529,1,"Limit Shapes"
0.699363989718869,1,"Limit Shapes"
0.700971680954618,1,"Limit Shapes"
0.701537908058198,1,"Limit Shapes"
0.704188671143156,1,"Limit Shapes"
0.705793468488229,1,"Limit Shapes"
0.70636773933823,1,"Limit Shapes"
0.709009815589951,1,"Limit Shapes"
0.710619114542744,1,"Limit Shapes"
0.712224554458512,1,"Limit Shapes"
0.713832246210382,1,"Limit Shapes"
0.715440580532947,1,"Limit Shapes"
0.717046985595063,1,"Limit Shapes"
0.718656927634669,1,"Limit Shapes"
0.720263654240192,1,"Limit Shapes"
0.721871345475941,1,"Limit Shapes"
0.723477750538055,1,"Limit Shapes"
0.725088014121071,1,"Limit Shapes"
0.726693454552961,1,"Limit Shapes"
0.728302431962343,1,"Limit Shapes"
0.729911730915132,1,"Limit Shapes"
0.731517492890434,1,"Limit Shapes"
0.732088867269151,1,"Limit Shapes"
0.734732232275114,1,"Limit Shapes"
0.736340566597679,1,"Limit Shapes"
0.737947614746611,1,"Limit Shapes"
0.739555305982358,1,"Limit Shapes"
0.741163318761516,1,"Limit Shapes"
0.742770366910448,1,"Limit Shapes"
0.74437902277642,1,"Limit Shapes"
0.745986070925353,1,"Limit Shapes"
0.747593119074284,1,"Limit Shapes"
0.749202418027075,1,"Limit Shapes"
0.750808823089192,1,"Limit Shapes"
0.752417478955166,1,"Limit Shapes"
0.752975351607459,1,"Limit Shapes"
0.755632218339846,1,"Limit Shapes"
0.75724055266241,1,"Limit Shapes"
0.758847600811343,1,"Limit Shapes"
0.760455292047092,1,"Limit Shapes"
0.762063947913064,1,"Limit Shapes"
0.763670674518588,1,"Limit Shapes"
0.765277722667519,1,"Limit Shapes"
0.766886056990085,1,"Limit Shapes"
0.768493748225832,1,"Limit Shapes"
0.770100474831359,1,"Limit Shapes"
0.77170945224074,1,"Limit Shapes"
0.773315857302856,1,"Limit Shapes"
0.774924834712237,1,"Limit Shapes"
0.776532525947986,1,"Limit Shapes"
0.778139574096917,1,"Limit Shapes"
0.779747265332666,1,"Limit Shapes"
0.781356564285457,1,"Limit Shapes"
0.782962004717346,1,"Limit Shapes"
0.784570017496503,1,"Limit Shapes"
0.786178351819068,1,"Limit Shapes"
0.787785721511409,1,"Limit Shapes"
0.789393412747156,1,"Limit Shapes"
0.791000460896091,1,"Limit Shapes"
0.792608795218655,1,"Limit Shapes"
0.794217772628038,1,"Limit Shapes"
0.795823534603335,1,"Limit Shapes"
0.797431547382493,1,"Limit Shapes"
0.799038595531423,1,"Limit Shapes"
0.800647894484214,1,"Limit Shapes"
0.802254621089739,1,"Limit Shapes"
0.803862312325485,1,"Limit Shapes"
0.804706671380572,1,"Limit Shapes"
0.807077694796982,1,"Limit Shapes"
0.808686993749774,1,"Limit Shapes"
0.809515598726213,1,"Limit Shapes"
0.811901090047639,1,"Limit Shapes"
0.81350813819657,1,"Limit Shapes"
0.814338673465701,1,"Limit Shapes"
0.816723520668067,1,"Limit Shapes"
0.818331211903816,1,"Limit Shapes"
0.819938903139566,1,"Limit Shapes"
0.821546272831904,1,"Limit Shapes"
0.82315460715447,1,"Limit Shapes"
0.824762941477034,1,"Limit Shapes"
0.826370311169376,1,"Limit Shapes"
0.827978002405122,1,"Limit Shapes"
0.829584729010647,1,"Limit Shapes"
0.831192741789805,1,"Limit Shapes"
0.832800433025555,1,"Limit Shapes"
0.834407802717893,1,"Limit Shapes"
0.835216148911243,1,"Limit Shapes"
0.837623828276206,1,"Limit Shapes"
0.839232484142181,1,"Limit Shapes"
0.840035688221602,1,"Limit Shapes"
0.842446580440044,1,"Limit Shapes"
0.844054593219202,1,"Limit Shapes"
0.845661962911541,1,"Limit Shapes"
0.847270297234108,1,"Limit Shapes"
0.848877345383037,1,"Limit Shapes"
0.850485358162198,1,"Limit Shapes"
0.852092727854536,1,"Limit Shapes"
0.853700419090286,1,"Limit Shapes"
0.855308110326033,1,"Limit Shapes"
0.856074333816767,1,"Limit Shapes"
0.858523171254121,1,"Limit Shapes"
0.860131827120096,1,"Limit Shapes"
0.860895159816881,1,"Limit Shapes"
0.863346888048184,1,"Limit Shapes"
0.864954579283934,1,"Limit Shapes"
0.865698937822898,1,"Limit Shapes"
0.868170283298839,1,"Limit Shapes"
0.869777652991177,1,"Limit Shapes"
0.871384701140113,1,"Limit Shapes"
0.872992713919268,1,"Limit Shapes"
0.874601048241834,1,"Limit Shapes"
0.876208417934173,1,"Limit Shapes"
0.877815787626515,1,"Limit Shapes"
0.879423157318853,1,"Limit Shapes"
0.88103149164142,1,"Limit Shapes"
0.882638539790353,1,"Limit Shapes"
0.884247195656324,1,"Limit Shapes"
0.885854243805258,1,"Limit Shapes"
0.886572240945946,1,"Limit Shapes"
0.889069626276754,1,"Limit Shapes"
0.890676995969095,1,"Limit Shapes"
0.892284687204845,1,"Limit Shapes"
0.893892699983999,1,"Limit Shapes"
0.895500069676342,1,"Limit Shapes"
0.897108082455496,1,"Limit Shapes"
0.898716095234655,1,"Limit Shapes"
0.900323143383588,1,"Limit Shapes"
0.901931156162743,1,"Limit Shapes"
0.903538525855085,1,"Limit Shapes"
0.90514621709083,1,"Limit Shapes"
0.906753908326582,1,"Limit Shapes"
0.907404381351514,1,"Limit Shapes"
0.90996929079808,1,"Limit Shapes"
0.911577303577235,1,"Limit Shapes"
0.912194013512049,1,"Limit Shapes"
0.914792686048731,1,"Limit Shapes"
0.916401020371299,1,"Limit Shapes"
0.917333801799198,1,"Limit Shapes"
0.91961543821257,1,"Limit Shapes"
0.921223450991728,1,"Limit Shapes"
0.922830820684066,1,"Limit Shapes"
0.924438833463224,1,"Limit Shapes"
0.926046524698971,1,"Limit Shapes"
0.927654215934721,1,"Limit Shapes"
0.929262228713876,1,"Limit Shapes"
0.930869276862812,1,"Limit Shapes"
0.932477610669254,1,"Limit Shapes"
0.93408626705135,1,"Limit Shapes"
0.935692672113463,1,"Limit Shapes"
0.937300041805805,1,"Limit Shapes"
0.938116103492592,1,"Limit Shapes"
0.940515424277301,1,"Limit Shapes"
0.942123758599868,1,"Limit Shapes"
0.942916993801386,1,"Limit Shapes"
0.945338497984549,1,"Limit Shapes"
0.946946189220294,1,"Limit Shapes"
0.948554523542861,1,"Limit Shapes"
0.950161571691793,1,"Limit Shapes"
0.951769262927544,1,"Limit Shapes"
0.953376954163289,1,"Limit Shapes"
0.954984645399041,1,"Limit Shapes"
0.956592336634786,1,"Limit Shapes"
0.958200349413945,1,"Limit Shapes"
0.958616100395865,1,"Limit Shapes"
0.961415410342033,1,"Limit Shapes"
0.9630237446646,1,"Limit Shapes"
0.963510555707524,1,"Limit Shapes"
0.966238805592689,1,"Limit Shapes"
0.967846175285026,1,"Limit Shapes"
0.968733303226271,1,"Limit Shapes"
0.971061557756525,1,"Limit Shapes"
0.972669892079092,1,"Limit Shapes"
0.97427726177143,1,"Limit Shapes"
0.975884631463772,1,"Limit Shapes"
0.977493287329743,1,"Limit Shapes"
0.979100335478677,1,"Limit Shapes"
0.980708348257836,1,"Limit Shapes"
0.982315717950173,1,"Limit Shapes"
0.983923087642515,1,"Limit Shapes"
0.985530778878261,1,"Limit Shapes"
0.987138470114012,1,"Limit Shapes"
0.988746161349758,1,"Limit Shapes"
0.988994388215924,1,"Limit Shapes"
0.991961543821256,1,"Limit Shapes"
0.993569556600415,1,"Limit Shapes"
0.993857008665674,1,"Limit Shapes"
0.996784617528504,1,"Limit Shapes"
0.998392308764249,1,"Limit Shapes"
1,1,"Limit Shapes"
0,0,"Limit Shapes (Misspecified)"
0.0144180704298772,0.0487305263157894,"Limit Shapes (Misspecified)"
0.0144180704298772,0.0487305263157894,"Limit Shapes (Misspecified)"
0.0144180704298772,0.0487305263157894,"Limit Shapes (Misspecified)"
0.0144180704298772,0.0487305263157894,"Limit Shapes (Misspecified)"
0.0144180704298772,0.0487305263157894,"Limit Shapes (Misspecified)"
0.0144180704298772,0.0487305263157894,"Limit Shapes (Misspecified)"
0.0144180704298772,0.0487305263157894,"Limit Shapes (Misspecified)"
0.0144180704298772,0.0487305263157894,"Limit Shapes (Misspecified)"
0.0144203212337357,0.0487305263157894,"Limit Shapes (Misspecified)"
0.0144907392401666,0.0494705263157894,"Limit Shapes (Misspecified)"
0.0155511635948863,0.0664005263157895,"Limit Shapes (Misspecified)"
0.0165720381103776,0.0846405263157895,"Limit Shapes (Misspecified)"
0.0175938772560941,0.102850526315789,"Limit Shapes (Misspecified)"
0.0186141086847688,0.121120526315789,"Limit Shapes (Misspecified)"
0.0196369124607103,0.139330526315789,"Limit Shapes (Misspecified)"
0.0206638968170815,0.157371052631579,"Limit Shapes (Misspecified)"
0.0216966684386822,0.175261052631579,"Limit Shapes (Misspecified)"
0.0227320134397919,0.193052105263158,"Limit Shapes (Misspecified)"
0.0237911516208781,0.210112105263158,"Limit Shapes (Misspecified)"
0.0248689398357703,0.226612631578947,"Limit Shapes (Misspecified)"
0.0259637693351845,0.242552631578947,"Limit Shapes (Misspecified)"
0.0270862520838387,0.257623157894737,"Limit Shapes (Misspecified)"
0.0282286700076902,0.272093157894737,"Limit Shapes (Misspecified)"
0.0294045289621322,0.285543684210526,"Limit Shapes (Misspecified)"
0.0306090057960393,0.298064736842105,"Limit Shapes (Misspecified)"
0.0318459574819487,0.309604736842105,"Limit Shapes (Misspecified)"
0.0331012386904977,0.320556315789474,"Limit Shapes (Misspecified)"
0.0343848146867403,0.330636842105263,"Limit Shapes (Misspecified)"
0.035684468369522,0.340257894736842,"Limit Shapes (Misspecified)"
0.0369934468111462,0.349508947368421,"Limit Shapes (Misspecified)"
0.0383297564424809,0.35794,"Limit Shapes (Misspecified)"
0.0396911464596677,0.365611052631579,"Limit Shapes (Misspecified)"
0.0410454614896285,0.373501052631579,"Limit Shapes (Misspecified)"
0.0424129603154532,0.380971578947368,"Limit Shapes (Misspecified)"
0.043802966663742,0.387761578947368,"Limit Shapes (Misspecified)"
0.0452138743658163,0.393852631578947,"Limit Shapes (Misspecified)"
0.0466283190453825,0.399853684210526,"Limit Shapes (Misspecified)"
0.0480546628955423,0.405506842105263,"Limit Shapes (Misspecified)"
0.0495015839754739,0.410508421052631,"Limit Shapes (Misspecified)"
0.0509491476261013,0.41548947368421,"Limit Shapes (Misspecified)"
0.0523992851723586,0.420402105263158,"Limit Shapes (Misspecified)"
0.05385585203842,0.425093157894737,"Limit Shapes (Misspecified)"
0.055334284372371,0.429114736842105,"Limit Shapes (Misspecified)"
0.0568188249988388,0.432945263157895,"Limit Shapes (Misspecified)"
0.0582921121221349,0.437126315789474,"Limit Shapes (Misspecified)"
0.0597763317213153,0.440977368421053,"Limit Shapes (Misspecified)"
0.0612698765954592,0.444558947368421,"Limit Shapes (Misspecified)"
0.0627695302782409,0.44786,"Limit Shapes (Misspecified)"
0.0642662905864684,0.451321578947368,"Limit Shapes (Misspecified)"
0.0657736613110507,0.454442631578948,"Limit Shapes (Misspecified)"
0.0672819971819791,0.457574210526316,"Limit Shapes (Misspecified)"
0.0687877596733986,0.460724736842105,"Limit Shapes (Misspecified)"
0.0702977027452478,0.463765789473684,"Limit Shapes (Misspecified)"
0.0718086119956852,0.466798421052632,"Limit Shapes (Misspecified)"
0.0733294885756608,0.46947052631579,"Limit Shapes (Misspecified)"
0.0748487584708366,0.472213684210526,"Limit Shapes (Misspecified)"
0.0763738156312418,0.474796315789474,"Limit Shapes (Misspecified)"
0.0778963014766223,0.47744,"Limit Shapes (Misspecified)"
0.0794174990838852,0.480141578947369,"Limit Shapes (Misspecified)"
0.0809489850479734,0.482522105263158,"Limit Shapes (Misspecified)"
0.0824750073547248,0.485065263157895,"Limit Shapes (Misspecified)"
0.0840077810408097,0.487397368421053,"Limit Shapes (Misspecified)"
0.0855315546081867,0.489992631578947,"Limit Shapes (Misspecified)"
0.0870701181401062,0.492146842105263,"Limit Shapes (Misspecified)"
0.088617040768401,0.49405,"Limit Shapes (Misspecified)"
0.0901559248114867,0.496223157894736,"Limit Shapes (Misspecified)"
0.0916854871924564,0.49860947368421,"Limit Shapes (Misspecified)"
0.0932282297564425,0.500652631578947,"Limit Shapes (Misspecified)"
0.0947696871790372,0.502706842105263,"Limit Shapes (Misspecified)"
0.096317255474754,0.504602631578947,"Limit Shapes (Misspecified)"
0.0978609652495703,0.506628421052632,"Limit Shapes (Misspecified)"
0.0994030662751029,0.508623157894737,"Limit Shapes (Misspecified)"
0.100948383766961,0.510578947368421,"Limit Shapes (Misspecified)"
0.102503346528828,0.512233684210526,"Limit Shapes (Misspecified)"
0.104052844084995,0.514039473684211,"Limit Shapes (Misspecified)"
0.105597839517324,0.516004736842105,"Limit Shapes (Misspecified)"
0.107149907872394,0.517728947368421,"Limit Shapes (Misspecified)"
0.108702941889932,0.519474210526316,"Limit Shapes (Misspecified)"
0.110252440478341,0.521241052631579,"Limit Shapes (Misspecified)"
0.111804187290003,0.522995263157895,"Limit Shapes (Misspecified)"
0.113360435709383,0.524609473684211,"Limit Shapes (Misspecified)"
0.114917008252775,0.526236315789474,"Limit Shapes (Misspecified)"
0.11647100793278,0.527872631578947,"Limit Shapes (Misspecified)"
0.11802564966736,0.529547894736842,"Limit Shapes (Misspecified)"
0.119576754424448,0.531283157894737,"Limit Shapes (Misspecified)"
0.121137827027194,0.532768421052632,"Limit Shapes (Misspecified)"
0.122686359437015,0.534583684210526,"Limit Shapes (Misspecified)"
0.124251611071828,0.535927894736842,"Limit Shapes (Misspecified)"
0.125807538980042,0.537523157894737,"Limit Shapes (Misspecified)"
0.127361861751818,0.539201052631579,"Limit Shapes (Misspecified)"
0.128919397377073,0.540756315789474,"Limit Shapes (Misspecified)"
0.13047339808932,0.542443684210526,"Limit Shapes (Misspecified)"
0.132035112746641,0.543877894736842,"Limit Shapes (Misspecified)"
0.133596186897751,0.545344736842105,"Limit Shapes (Misspecified)"
0.135154689217715,0.546862105263158,"Limit Shapes (Misspecified)"
0.136717047994096,0.548317368421052,"Limit Shapes (Misspecified)"
0.138278440075767,0.54974052631579,"Limit Shapes (Misspecified)"
0.13983951113015,0.551174210526316,"Limit Shapes (Misspecified)"
0.141401548363122,0.552629473684211,"Limit Shapes (Misspecified)"
0.142960049650844,0.554155789473684,"Limit Shapes (Misspecified)"
0.144519194025383,0.555682105263158,"Limit Shapes (Misspecified)"
0.146077694280863,0.557177368421053,"Limit Shapes (Misspecified)"
0.14764069614406,0.558602631578947,"Limit Shapes (Misspecified)"
0.149205628299949,0.559928947368421,"Limit Shapes (Misspecified)"
0.15075801923067,0.561634210526316,"Limit Shapes (Misspecified)"
0.152323915500663,0.56298,"Limit Shapes (Misspecified)"
0.153887879929601,0.564323157894737,"Limit Shapes (Misspecified)"
0.155453454656186,0.565659473684211,"Limit Shapes (Misspecified)"
0.1570116344005,0.567165263157895,"Limit Shapes (Misspecified)"
0.158571421345734,0.568671052631579,"Limit Shapes (Misspecified)"
0.16013989305972,0.56993,"Limit Shapes (Misspecified)"
0.161706431384288,0.571184736842105,"Limit Shapes (Misspecified)"
0.16327104251289,0.572531578947368,"Limit Shapes (Misspecified)"
0.164845296330895,0.573584736842105,"Limit Shapes (Misspecified)"
0.166407655623397,0.574990526315789,"Limit Shapes (Misspecified)"
0.16798126841907,0.576045789473684,"Limit Shapes (Misspecified)"
0.169554560703576,0.577132105263158,"Limit Shapes (Misspecified)"
0.171126890938463,0.578251052631579,"Limit Shapes (Misspecified)"
0.172705647912548,0.579135789473684,"Limit Shapes (Misspecified)"
0.174278940713176,0.580212631578948,"Limit Shapes (Misspecified)"
0.175852235578288,0.581301578947369,"Limit Shapes (Misspecified)"
0.177429708959345,0.582238947368421,"Limit Shapes (Misspecified)"
0.17900492947206,0.583264210526316,"Limit Shapes (Misspecified)"
0.180583044907692,0.584180526315789,"Limit Shapes (Misspecified)"
0.182165982978328,0.584976315789474,"Limit Shapes (Misspecified)"
0.183748597957193,0.58577052631579,"Limit Shapes (Misspecified)"
0.185332177566283,0.586494736842105,"Limit Shapes (Misspecified)"
0.186916080267144,0.587240526315789,"Limit Shapes (Misspecified)"
0.188499659360113,0.588024210526316,"Limit Shapes (Misspecified)"
0.190082274338978,0.588838421052632,"Limit Shapes (Misspecified)"
0.191667463213473,0.589484210526316,"Limit Shapes (Misspecified)"
0.193253935680996,0.590177368421053,"Limit Shapes (Misspecified)"
0.19483880197984,0.590872631578947,"Limit Shapes (Misspecified)"
0.196428169370281,0.591476315789474,"Limit Shapes (Misspecified)"
0.198010141262329,0.592250526315789,"Limit Shapes (Misspecified)"
0.199595329104582,0.592965263157895,"Limit Shapes (Misspecified)"
0.199802079451673,0.593055263157895,"Limit Shapes (Misspecified)"
0.202771167930303,0.594201578947368,"Limit Shapes (Misspecified)"
0.204361502531574,0.594738421052632,"Limit Shapes (Misspecified)"
0.205947974482976,0.595391052631579,"Limit Shapes (Misspecified)"
0.207537018781644,0.595983684210526,"Limit Shapes (Misspecified)"
0.209130242628501,0.596496315789474,"Limit Shapes (Misspecified)"
0.210713821205349,0.597188947368421,"Limit Shapes (Misspecified)"
0.212302863955655,0.59779,"Limit Shapes (Misspecified)"
0.213891908254324,0.598362631578947,"Limit Shapes (Misspecified)"
0.215480952552993,0.598935263157895,"Limit Shapes (Misspecified)"
0.217072568166686,0.599436842105263,"Limit Shapes (Misspecified)"
0.218662255036051,0.599998947368421,"Limit Shapes (Misspecified)"
0.220255477850666,0.60045,"Limit Shapes (Misspecified)"
0.2204792699984,0.60054,"Limit Shapes (Misspecified)"
0.22344095936579,0.601392631578948,"Limit Shapes (Misspecified)"
0.225027751312238,0.602043684210527,"Limit Shapes (Misspecified)"
0.226620973610731,0.602494210526316,"Limit Shapes (Misspecified)"
0.228211623561958,0.603004736842105,"Limit Shapes (Misspecified)"
0.229812562386131,0.603284736842105,"Limit Shapes (Misspecified)"
0.231404820054399,0.603705263157895,"Limit Shapes (Misspecified)"
0.23299836338018,0.604135263157895,"Limit Shapes (Misspecified)"
0.234592872368428,0.604576315789474,"Limit Shapes (Misspecified)"
0.236185773123513,0.605006842105263,"Limit Shapes (Misspecified)"
0.237781245709744,0.605396842105263,"Limit Shapes (Misspecified)"
0.239376075209158,0.605786842105263,"Limit Shapes (Misspecified)"
0.240966082073568,0.606347368421053,"Limit Shapes (Misspecified)"
0.241201771327412,0.606427368421053,"Limit Shapes (Misspecified)"
0.244149954323288,0.607318421052632,"Limit Shapes (Misspecified)"
0.24574317610566,0.607798421052632,"Limit Shapes (Misspecified)"
0.247333182453949,0.608318421052632,"Limit Shapes (Misspecified)"
0.248926404752442,0.608788947368421,"Limit Shapes (Misspecified)"
0.250519304991407,0.609278947368421,"Limit Shapes (Misspecified)"
0.250752741893029,0.60936947368421,"Limit Shapes (Misspecified)"
0.253703176725005,0.61022947368421,"Limit Shapes (Misspecified)"
0.255294469246928,0.610739473684211,"Limit Shapes (Misspecified)"
0.256886726915196,0.61123,"Limit Shapes (Misspecified)"
0.258482842588244,0.61158,"Limit Shapes (Misspecified)"
0.260077672087658,0.61198,"Limit Shapes (Misspecified)"
0.261665749175497,0.61259,"Limit Shapes (Misspecified)"
0.261890826464622,0.6127,"Limit Shapes (Misspecified)"
0.264842867981399,0.61377,"Limit Shapes (Misspecified)"
0.266439305197855,0.61414,"Limit Shapes (Misspecified)"
0.268029311546144,0.61468,"Limit Shapes (Misspecified)"
0.269621890241699,0.61516,"Limit Shapes (Misspecified)"
0.271211253503171,0.61572,"Limit Shapes (Misspecified)"
0.271450479734507,0.61587,"Limit Shapes (Misspecified)"
0.274395767807466,0.61672,"Limit Shapes (Misspecified)"
0.275985774155755,0.61722,"Limit Shapes (Misspecified)"
0.277576745134269,0.61775,"Limit Shapes (Misspecified)"
0.279168037656191,0.61825,"Limit Shapes (Misspecified)"
0.280755793200621,0.61889,"Limit Shapes (Misspecified)"
0.28234579954891,0.61942,"Limit Shapes (Misspecified)"
0.283934519723566,0.62004,"Limit Shapes (Misspecified)"
0.285525812245488,0.62055,"Limit Shapes (Misspecified)"
0.287111638529468,0.62121,"Limit Shapes (Misspecified)"
0.288698750987082,0.62185,"Limit Shapes (Misspecified)"
0.290287149618329,0.62246,"Limit Shapes (Misspecified)"
0.291870403555042,0.6232,"Limit Shapes (Misspecified)"
0.292097732680268,0.62335,"Limit Shapes (Misspecified)"
0.295043663840044,0.62452,"Limit Shapes (Misspecified)"
0.296631419384474,0.62514,"Limit Shapes (Misspecified)"
0.298216924125046,0.62582,"Limit Shapes (Misspecified)"
0.299801785778801,0.62654,"Limit Shapes (Misspecified)"
0.301387290519373,0.62723,"Limit Shapes (Misspecified)"
0.301632948134997,0.62733,"Limit Shapes (Misspecified)"
0.30455958617415,0.62855,"Limit Shapes (Misspecified)"
0.306149592522438,0.62913,"Limit Shapes (Misspecified)"
0.307733489545968,0.62989,"Limit Shapes (Misspecified)"
0.309314814222231,0.63068,"Limit Shapes (Misspecified)"
0.310894209638045,0.63159,"Limit Shapes (Misspecified)"
0.312473283510449,0.63247,"Limit Shapes (Misspecified)"
0.312719582664526,0.63267,"Limit Shapes (Misspecified)"
0.315641399100917,0.63393,"Limit Shapes (Misspecified)"
0.317223688407405,0.63473,"Limit Shapes (Misspecified)"
0.318806299257302,0.63552,"Limit Shapes (Misspecified)"
0.320392768628099,0.63618,"Limit Shapes (Misspecified)"
0.321974093304362,0.63697,"Limit Shapes (Misspecified)"
0.322217177540477,0.63706,"Limit Shapes (Misspecified)"
0.32514413815528,0.6384,"Limit Shapes (Misspecified)"
0.326726749005177,0.63919,"Limit Shapes (Misspecified)"
0.328315469179832,0.63981,"Limit Shapes (Misspecified)"
0.329898401573137,0.64057,"Limit Shapes (Misspecified)"
0.331482298596667,0.64128,"Limit Shapes (Misspecified)"
0.333060729382255,0.64222,"Limit Shapes (Misspecified)"
0.334644304862376,0.64297,"Limit Shapes (Misspecified)"
0.336228201885906,0.64371,"Limit Shapes (Misspecified)"
0.337809205018761,0.64453,"Limit Shapes (Misspecified)"
0.339392458955474,0.64528,"Limit Shapes (Misspecified)"
0.340974748261962,0.64607,"Limit Shapes (Misspecified)"
0.342562503806393,0.64677,"Limit Shapes (Misspecified)"
0.342812339421841,0.64699,"Limit Shapes (Misspecified)"
0.34572483161551,0.64833,"Limit Shapes (Misspecified)"
0.347308085552224,0.64909,"Limit Shapes (Misspecified)"
0.348895198009837,0.64972,"Limit Shapes (Misspecified)"
0.35048263201086,0.65042,"Limit Shapes (Misspecified)"
0.352063635143714,0.6512,"Limit Shapes (Misspecified)"
0.353640136668852,0.6522,"Limit Shapes (Misspecified)"
0.355224033692381,0.65292,"Limit Shapes (Misspecified)"
0.35680825225932,0.65368,"Limit Shapes (Misspecified)"
0.358388612305358,0.65449,"Limit Shapes (Misspecified)"
0.359972187785479,0.65524,"Limit Shapes (Misspecified)"
0.361550940114476,0.65621,"Limit Shapes (Misspecified)"
0.363130978617105,0.65703,"Limit Shapes (Misspecified)"
0.363389494356216,0.65718,"Limit Shapes (Misspecified)"
0.366294914143265,0.65864,"Limit Shapes (Misspecified)"
0.367873344928853,0.65949,"Limit Shapes (Misspecified)"
0.369455955778749,0.66027,"Limit Shapes (Misspecified)"
0.371038566628646,0.66108,"Limit Shapes (Misspecified)"
0.372618605131275,0.66194,"Limit Shapes (Misspecified)"
0.372892877529639,0.66203,"Limit Shapes (Misspecified)"
0.375780289337455,0.66358,"Limit Shapes (Misspecified)"
0.377357112922122,0.66457,"Limit Shapes (Misspecified)"
0.378936508337935,0.66541,"Limit Shapes (Misspecified)"
0.380522977708732,0.66613,"Limit Shapes (Misspecified)"
0.38209947923387,0.66708,"Limit Shapes (Misspecified)"
0.383677588476049,0.66803,"Limit Shapes (Misspecified)"
0.385250874567104,0.66905,"Limit Shapes (Misspecified)"
0.386825125288383,0.67009,"Limit Shapes (Misspecified)"
0.388405485334421,0.67098,"Limit Shapes (Misspecified)"
0.389980379142517,0.67199,"Limit Shapes (Misspecified)"
0.39155977455833,0.6729,"Limit Shapes (Misspecified)"
0.3931298452153,0.67408,"Limit Shapes (Misspecified)"
0.393424377945116,0.67426,"Limit Shapes (Misspecified)"
0.396295066915093,0.67563,"Limit Shapes (Misspecified)"
0.397872854613864,0.67655,"Limit Shapes (Misspecified)"
0.399452571573085,0.67738,"Limit Shapes (Misspecified)"
0.401032931619123,0.67827,"Limit Shapes (Misspecified)"
0.402612327034936,0.67911,"Limit Shapes (Misspecified)"
0.404192687080974,0.68,"Limit Shapes (Misspecified)"
0.405774011757238,0.68082,"Limit Shapes (Misspecified)"
0.407356301063726,0.68156,"Limit Shapes (Misspecified)"
0.408932802588863,0.68255,"Limit Shapes (Misspecified)"
0.410511876461268,0.68341,"Limit Shapes (Misspecified)"
0.412089664160039,0.68439,"Limit Shapes (Misspecified)"
0.413661985620868,0.68546,"Limit Shapes (Misspecified)"
0.413979346384314,0.68569,"Limit Shapes (Misspecified)"
0.416819168735452,0.68726,"Limit Shapes (Misspecified)"
0.41840338730239,0.68806,"Limit Shapes (Misspecified)"
0.419980853457753,0.68901,"Limit Shapes (Misspecified)"
0.421561213503791,0.68982,"Limit Shapes (Misspecified)"
0.423140608919604,0.69073,"Limit Shapes (Misspecified)"
0.423455714234102,0.6909,"Limit Shapes (Misspecified)"
0.426300042838047,0.69249,"Limit Shapes (Misspecified)"
0.427878473623634,0.6934,"Limit Shapes (Misspecified)"
0.429455296692181,0.6943,"Limit Shapes (Misspecified)"
0.431031155130501,0.69532,"Limit Shapes (Misspecified)"
0.432613444436989,0.69611,"Limit Shapes (Misspecified)"
0.434192839852802,0.697,"Limit Shapes (Misspecified)"
0.435773520926127,0.6978,"Limit Shapes (Misspecified)"
0.437355167145799,0.69868,"Limit Shapes (Misspecified)"
0.438932633817283,0.69954,"Limit Shapes (Misspecified)"
0.440511386146279,0.70045,"Limit Shapes (Misspecified)"
0.442091424648909,0.70137,"Limit Shapes (Misspecified)"
0.443672427781764,0.7022,"Limit Shapes (Misspecified)"
0.444006186226794,0.70251,"Limit Shapes (Misspecified)"
0.446818356877055,0.70428,"Limit Shapes (Misspecified)"
0.448401610813769,0.70507,"Limit Shapes (Misspecified)"
0.449975861535047,0.7061,"Limit Shapes (Misspecified)"
0.451551076886551,0.70711,"Limit Shapes (Misspecified)"
0.453124684521014,0.70811,"Limit Shapes (Misspecified)"
0.454709867718177,0.70892,"Limit Shapes (Misspecified)"
0.456286047699906,0.70991,"Limit Shapes (Misspecified)"
0.457863835398677,0.71082,"Limit Shapes (Misspecified)"
0.459438728690653,0.71182,"Limit Shapes (Misspecified)"
0.461017803079178,0.7127,"Limit Shapes (Misspecified)"
0.462595269234541,0.71358,"Limit Shapes (Misspecified)"
0.464167912238779,0.7147,"Limit Shapes (Misspecified)"
0.464513244698147,0.71495,"Limit Shapes (Misspecified)"
0.467319950658829,0.71669,"Limit Shapes (Misspecified)"
0.468889699772391,0.71787,"Limit Shapes (Misspecified)"
0.470464272037078,0.71898,"Limit Shapes (Misspecified)"
0.47203595041109,0.72006,"Limit Shapes (Misspecified)"
0.473609879588961,0.72112,"Limit Shapes (Misspecified)"
0.473964216812127,0.72138,"Limit Shapes (Misspecified)"
0.476755487140844,0.72324,"Limit Shapes (Misspecified)"
0.478331023519635,0.72429,"Limit Shapes (Misspecified)"
0.479910097908162,0.72517,"Limit Shapes (Misspecified)"
0.481481775766053,0.7263,"Limit Shapes (Misspecified)"
0.483051203852328,0.72743,"Limit Shapes (Misspecified)"
0.48462674074724,0.72846,"Limit Shapes (Misspecified)"
0.486199383751478,0.72954,"Limit Shapes (Misspecified)"
0.487772348299124,0.73066,"Limit Shapes (Misspecified)"
0.489342097412685,0.73176,"Limit Shapes (Misspecified)"
0.490916348133964,0.73282,"Limit Shapes (Misspecified)"
0.492498637440452,0.73367,"Limit Shapes (Misspecified)"
0.494073852791956,0.73459,"Limit Shapes (Misspecified)"
0.495645852709377,0.73574,"Limit Shapes (Misspecified)"
0.497220424974064,0.73675,"Limit Shapes (Misspecified)"
0.498794354151936,0.73781,"Limit Shapes (Misspecified)"
0.500374392654566,0.73878,"Limit Shapes (Misspecified)"
0.501948000289028,0.73974,"Limit Shapes (Misspecified)"
0.503522893581003,0.74076,"Limit Shapes (Misspecified)"
0.505097466361811,0.74178,"Limit Shapes (Misspecified)"
0.506676218690807,0.7427,"Limit Shapes (Misspecified)"
0.508257864910479,0.74351,"Limit Shapes (Misspecified)"
0.509837260326292,0.7444,"Limit Shapes (Misspecified)"
0.511413761851429,0.74537,"Limit Shapes (Misspecified)"
0.512986726399074,0.74646,"Limit Shapes (Misspecified)"
0.51455969094672,0.74755,"Limit Shapes (Misspecified)"
0.516136835558675,0.74848,"Limit Shapes (Misspecified)"
0.517715909431079,0.74942,"Limit Shapes (Misspecified)"
0.519287587805092,0.75046,"Limit Shapes (Misspecified)"
0.520861838526372,0.7515,"Limit Shapes (Misspecified)"
0.522439947768551,0.7524,"Limit Shapes (Misspecified)"
0.524021593988222,0.75325,"Limit Shapes (Misspecified)"
0.525599703230402,0.75421,"Limit Shapes (Misspecified)"
0.527182635623707,0.75498,"Limit Shapes (Misspecified)"
0.528762352582928,0.75587,"Limit Shapes (Misspecified)"
0.53033596021739,0.75684,"Limit Shapes (Misspecified)"
0.531912140199119,0.75789,"Limit Shapes (Misspecified)"
0.53348414011654,0.75897,"Limit Shapes (Misspecified)"
0.535066429423028,0.75976,"Limit Shapes (Misspecified)"
0.536642930948165,0.76071,"Limit Shapes (Misspecified)"
0.538218789386487,0.76172,"Limit Shapes (Misspecified)"
0.539794969368216,0.76275,"Limit Shapes (Misspecified)"
0.541372113980171,0.76365,"Limit Shapes (Misspecified)"
0.542944756984409,0.76477,"Limit Shapes (Misspecified)"
0.544519007705688,0.76573,"Limit Shapes (Misspecified)"
0.546097116947867,0.76671,"Limit Shapes (Misspecified)"
0.547672332299371,0.76771,"Limit Shapes (Misspecified)"
0.549244010157262,0.76886,"Limit Shapes (Misspecified)"
0.550823727632604,0.76973,"Limit Shapes (Misspecified)"
0.552400229157741,0.77062,"Limit Shapes (Misspecified)"
0.553978338399921,0.77162,"Limit Shapes (Misspecified)"
0.555559019989367,0.77249,"Limit Shapes (Misspecified)"
0.55713841540518,0.77332,"Limit Shapes (Misspecified)"
0.558716203103952,0.77424,"Limit Shapes (Misspecified)"
0.560298170867032,0.77509,"Limit Shapes (Misspecified)"
0.561872100044903,0.7761,"Limit Shapes (Misspecified)"
0.563453746264574,0.77693,"Limit Shapes (Misspecified)"
0.565027353899037,0.77798,"Limit Shapes (Misspecified)"
0.566606427771441,0.77887,"Limit Shapes (Misspecified)"
0.56818453701362,0.7798,"Limit Shapes (Misspecified)"
0.569766183233291,0.78057,"Limit Shapes (Misspecified)"
0.57134847253978,0.78138,"Limit Shapes (Misspecified)"
0.572930118759451,0.78226,"Limit Shapes (Misspecified)"
0.574508871088447,0.78307,"Limit Shapes (Misspecified)"
0.576091160394935,0.78388,"Limit Shapes (Misspecified)"
0.577665411116215,0.7849,"Limit Shapes (Misspecified)"
0.579249951226562,0.78561,"Limit Shapes (Misspecified)"
0.580827095322395,0.78658,"Limit Shapes (Misspecified)"
0.582406169710921,0.78748,"Limit Shapes (Misspecified)"
0.583986529756959,0.78828,"Limit Shapes (Misspecified)"
0.585564638999138,0.78926,"Limit Shapes (Misspecified)"
0.587143712871543,0.79008,"Limit Shapes (Misspecified)"
0.588719249766455,0.79109,"Limit Shapes (Misspecified)"
0.590295751291592,0.79208,"Limit Shapes (Misspecified)"
0.591877719054672,0.7929,"Limit Shapes (Misspecified)"
0.593453899036402,0.79386,"Limit Shapes (Misspecified)"
0.595035545256073,0.79469,"Limit Shapes (Misspecified)"
0.596620728453237,0.79539,"Limit Shapes (Misspecified)"
0.59820012386905,0.79625,"Limit Shapes (Misspecified)"
0.599776625394188,0.79725,"Limit Shapes (Misspecified)"
0.601354413092959,0.79816,"Limit Shapes (Misspecified)"
0.602935094682405,0.79902,"Limit Shapes (Misspecified)"
0.604517062445485,0.79982,"Limit Shapes (Misspecified)"
0.605128311819689,0.8002,"Limit Shapes (Misspecified)"
0.607674888646885,0.80159,"Limit Shapes (Misspecified)"
0.609259428757232,0.802280000000001,"Limit Shapes (Misspecified)"
0.609849132658591,0.80259,"Limit Shapes (Misspecified)"
0.612415004154774,0.80412,"Limit Shapes (Misspecified)"
0.613997293461262,0.80495,"Limit Shapes (Misspecified)"
0.615571544182541,0.80599,"Limit Shapes (Misspecified)"
0.617152225771988,0.80682,"Limit Shapes (Misspecified)"
0.618739981316418,0.80749,"Limit Shapes (Misspecified)"
0.620317447471781,0.80841,"Limit Shapes (Misspecified)"
0.621900701408495,0.80918,"Limit Shapes (Misspecified)"
0.623482990714983,0.80996,"Limit Shapes (Misspecified)"
0.625058527609895,0.81095,"Limit Shapes (Misspecified)"
0.626640495372975,0.81172,"Limit Shapes (Misspecified)"
0.628223427766279,0.81252,"Limit Shapes (Misspecified)"
0.629800572378234,0.81345,"Limit Shapes (Misspecified)"
0.631380289337456,0.81432,"Limit Shapes (Misspecified)"
0.632960327840085,0.81521,"Limit Shapes (Misspecified)"
0.63454518949384,0.81589,"Limit Shapes (Misspecified)"
0.635160609642173,0.81619,"Limit Shapes (Misspecified)"
0.637703015695241,0.81767,"Limit Shapes (Misspecified)"
0.639283697284687,0.81853,"Limit Shapes (Misspecified)"
0.640861806526867,0.81943,"Limit Shapes (Misspecified)"
0.642440880399272,0.82036,"Limit Shapes (Misspecified)"
0.64402509896621,0.82106,"Limit Shapes (Misspecified)"
0.645608031359515,0.82181,"Limit Shapes (Misspecified)"
0.647188712948961,0.82268,"Limit Shapes (Misspecified)"
0.648764249843873,0.82369,"Limit Shapes (Misspecified)"
0.650345574520136,0.8245,"Limit Shapes (Misspecified)"
0.651923362218907,0.82539,"Limit Shapes (Misspecified)"
0.653498577570411,0.82641,"Limit Shapes (Misspecified)"
0.655080545333491,0.82721,"Limit Shapes (Misspecified)"
0.655650308898443,0.82753,"Limit Shapes (Misspecified)"
0.658240300795343,0.82895,"Limit Shapes (Misspecified)"
0.659820982384789,0.8298,"Limit Shapes (Misspecified)"
0.660400393284232,0.83023,"Limit Shapes (Misspecified)"
0.662975914695515,0.83165,"Limit Shapes (Misspecified)"
0.66455884708882,0.83243,"Limit Shapes (Misspecified)"
0.666141457938716,0.83319,"Limit Shapes (Misspecified)"
0.66771860255067,0.83415,"Limit Shapes (Misspecified)"
0.669296068706032,0.83508,"Limit Shapes (Misspecified)"
0.670878036469113,0.83586,"Limit Shapes (Misspecified)"
0.672458718058559,0.83675,"Limit Shapes (Misspecified)"
0.674041007365047,0.83753,"Limit Shapes (Misspecified)"
0.675622975128128,0.83834,"Limit Shapes (Misspecified)"
0.677201727457124,0.8392,"Limit Shapes (Misspecified)"
0.678779515155894,0.84016,"Limit Shapes (Misspecified)"
0.680363090636017,0.84092,"Limit Shapes (Misspecified)"
0.681937662900704,0.84192,"Limit Shapes (Misspecified)"
0.683522846097867,0.84263,"Limit Shapes (Misspecified)"
0.68510417077413,0.84343,"Limit Shapes (Misspecified)"
0.685697407007892,0.84376,"Limit Shapes (Misspecified)"
0.688269070930514,0.84501,"Limit Shapes (Misspecified)"
0.689852003323819,0.84579,"Limit Shapes (Misspecified)"
0.691434292630307,0.84659,"Limit Shapes (Misspecified)"
0.693014331132937,0.84748,"Limit Shapes (Misspecified)"
0.694588903397624,0.84844,"Limit Shapes (Misspecified)"
0.696166048009579,0.84942,"Limit Shapes (Misspecified)"
0.697741584904492,0.85043,"Limit Shapes (Misspecified)"
0.699321301863713,0.8513,"Limit Shapes (Misspecified)"
0.700905841974061,0.852,"Limit Shapes (Misspecified)"
0.702484272759648,0.85292,"Limit Shapes (Misspecified)"
0.704067848239769,0.85368,"Limit Shapes (Misspecified)"
0.705645957481949,0.85459,"Limit Shapes (Misspecified)"
0.706220228331948,0.85494,"Limit Shapes (Misspecified)"
0.708811179181741,0.85616,"Limit Shapes (Misspecified)"
0.71039346848823,0.85694,"Limit Shapes (Misspecified)"
0.710957125825148,0.85734,"Limit Shapes (Misspecified)"
0.71355322395008,0.85871,"Limit Shapes (Misspecified)"
0.715134870169753,0.85951,"Limit Shapes (Misspecified)"
0.716713944042157,0.86037,"Limit Shapes (Misspecified)"
0.718294947175012,0.86124,"Limit Shapes (Misspecified)"
0.719879487285359,0.86192,"Limit Shapes (Misspecified)"
0.721455988810496,0.86287,"Limit Shapes (Misspecified)"
0.723040207377434,0.86365,"Limit Shapes (Misspecified)"
0.724619602793247,0.86454,"Limit Shapes (Misspecified)"
0.72619899820906,0.8654,"Limit Shapes (Misspecified)"
0.727782895232589,0.86613,"Limit Shapes (Misspecified)"
0.729365506082486,0.86691,"Limit Shapes (Misspecified)"
0.730943615324665,0.86783,"Limit Shapes (Misspecified)"
0.732526547717971,0.86862,"Limit Shapes (Misspecified)"
0.734106264677191,0.86947,"Limit Shapes (Misspecified)"
0.73569080478754,0.87021,"Limit Shapes (Misspecified)"
0.736262501225787,0.87052,"Limit Shapes (Misspecified)"
0.738852811053249,0.87186,"Limit Shapes (Misspecified)"
0.740433492642695,0.8727,"Limit Shapes (Misspecified)"
0.742022855904167,0.87329,"Limit Shapes (Misspecified)"
0.743604823667246,0.87406,"Limit Shapes (Misspecified)"
0.745187434517143,0.87483,"Limit Shapes (Misspecified)"
0.746770688453856,0.87558,"Limit Shapes (Misspecified)"
0.748360694802144,0.87617,"Limit Shapes (Misspecified)"
0.749943305652042,0.87694,"Limit Shapes (Misspecified)"
0.751526881132162,0.87768,"Limit Shapes (Misspecified)"
0.753106598091384,0.87853,"Limit Shapes (Misspecified)"
0.754688887397873,0.87932,"Limit Shapes (Misspecified)"
0.756275678312078,0.87998,"Limit Shapes (Misspecified)"
0.756866025300253,0.88022,"Limit Shapes (Misspecified)"
0.759446044706405,0.88138,"Limit Shapes (Misspecified)"
0.761033478707427,0.88202,"Limit Shapes (Misspecified)"
0.762615768013915,0.88281,"Limit Shapes (Misspecified)"
0.76420255892812,0.88347,"Limit Shapes (Misspecified)"
0.765785169778016,0.88426,"Limit Shapes (Misspecified)"
0.767370996061997,0.88494,"Limit Shapes (Misspecified)"
0.768952642281668,0.88571,"Limit Shapes (Misspecified)"
0.770538468565648,0.88642,"Limit Shapes (Misspecified)"
0.772125259479852,0.8871,"Limit Shapes (Misspecified)"
0.773710442677018,0.88773,"Limit Shapes (Misspecified)"
0.775301735198939,0.88827,"Limit Shapes (Misspecified)"
0.77688563222247,0.88903,"Limit Shapes (Misspecified)"
0.778471458506449,0.8897,"Limit Shapes (Misspecified)"
0.780055677073388,0.89041,"Limit Shapes (Misspecified)"
0.781639895640325,0.89116,"Limit Shapes (Misspecified)"
0.783222184946814,0.89194,"Limit Shapes (Misspecified)"
0.784808011230795,0.892600000000001,"Limit Shapes (Misspecified)"
0.786394159058182,0.89327,"Limit Shapes (Misspecified)"
0.787976126821262,0.89406,"Limit Shapes (Misspecified)"
0.789562596192058,0.89476,"Limit Shapes (Misspecified)"
0.791147457845814,0.89545,"Limit Shapes (Misspecified)"
0.792729747152301,0.89623,"Limit Shapes (Misspecified)"
0.794315573436283,0.8969,"Limit Shapes (Misspecified)"
0.795901721263671,0.89757,"Limit Shapes (Misspecified)"
0.79748593983061,0.8983,"Limit Shapes (Misspecified)"
0.799069515310731,0.89907,"Limit Shapes (Misspecified)"
0.800649232269952,0.89991,"Limit Shapes (Misspecified)"
0.802236987814382,0.90055,"Limit Shapes (Misspecified)"
0.80382120638132,0.9013,"Limit Shapes (Misspecified)"
0.805406068035076,0.90202,"Limit Shapes (Misspecified)"
0.806993180492688,0.90262,"Limit Shapes (Misspecified)"
0.807795416845159,0.90304,"Limit Shapes (Misspecified)"
0.810156794475439,0.90424,"Limit Shapes (Misspecified)"
0.811741334585787,0.90496,"Limit Shapes (Misspecified)"
0.812538104184193,0.90529,"Limit Shapes (Misspecified)"
0.814910414806482,0.90642,"Limit Shapes (Misspecified)"
0.816492704112969,0.90719,"Limit Shapes (Misspecified)"
0.817281433061682,0.90753,"Limit Shapes (Misspecified)"
0.819666929028195,0.90849,"Limit Shapes (Misspecified)"
0.821250504508317,0.90921,"Limit Shapes (Misspecified)"
0.822834723075256,0.90995,"Limit Shapes (Misspecified)"
0.824417977011969,0.91069,"Limit Shapes (Misspecified)"
0.826004767926174,0.91135,"Limit Shapes (Misspecified)"
0.827588343406295,0.91212,"Limit Shapes (Misspecified)"
0.829173848146868,0.9128,"Limit Shapes (Misspecified)"
0.830757423626988,0.91357,"Limit Shapes (Misspecified)"
0.832341320650519,0.91428,"Limit Shapes (Misspecified)"
0.833928754651541,0.91493,"Limit Shapes (Misspecified)"
0.83551297321848,0.91564,"Limit Shapes (Misspecified)"
0.837098799502459,0.91632,"Limit Shapes (Misspecified)"
0.83785505359917,0.91666,"Limit Shapes (Misspecified)"
0.84027431059132,0.91758,"Limit Shapes (Misspecified)"
0.84186206613575,0.91819,"Limit Shapes (Misspecified)"
0.84260964114104,0.91858,"Limit Shapes (Misspecified)"
0.845031146356443,0.91962,"Limit Shapes (Misspecified)"
0.846613435662932,0.92043,"Limit Shapes (Misspecified)"
0.848197332686461,0.92114,"Limit Shapes (Misspecified)"
0.849787339034751,0.92173,"Limit Shapes (Misspecified)"
0.851372522231913,0.9224,"Limit Shapes (Misspecified)"
0.852958348515895,0.92308,"Limit Shapes (Misspecified)"
0.854541923996015,0.92385,"Limit Shapes (Misspecified)"
0.85612517793273,0.92459,"Limit Shapes (Misspecified)"
0.857710361129892,0.92528,"Limit Shapes (Misspecified)"
0.858439608160907,0.92554,"Limit Shapes (Misspecified)"
0.86088233524126,0.92666,"Limit Shapes (Misspecified)"
0.862468161525241,0.92733,"Limit Shapes (Misspecified)"
0.863200628119306,0.92772,"Limit Shapes (Misspecified)"
0.865641421810242,0.92863,"Limit Shapes (Misspecified)"
0.867223068029915,0.92944,"Limit Shapes (Misspecified)"
0.867951354559671,0.92988,"Limit Shapes (Misspecified)"
0.870392469794016,0.93087,"Limit Shapes (Misspecified)"
0.871977009904361,0.9316,"Limit Shapes (Misspecified)"
0.873559942297669,0.93235,"Limit Shapes (Misspecified)"
0.875144482408014,0.93309,"Limit Shapes (Misspecified)"
0.876726771714503,0.93386,"Limit Shapes (Misspecified)"
0.878314848802341,0.93447,"Limit Shapes (Misspecified)"
0.879901318173139,0.93518,"Limit Shapes (Misspecified)"
0.881484250050321,0.93594,"Limit Shapes (Misspecified)"
0.883064289069072,0.93677,"Limit Shapes (Misspecified)"
0.884652366156911,0.93738,"Limit Shapes (Misspecified)"
0.886239478614524,0.93806,"Limit Shapes (Misspecified)"
0.887822089464422,0.93882,"Limit Shapes (Misspecified)"
0.888505679912053,0.93928,"Limit Shapes (Misspecified)"
0.890992455858748,0.94021,"Limit Shapes (Misspecified)"
0.892577317512503,0.9409,"Limit Shapes (Misspecified)"
0.894160249905809,0.9417,"Limit Shapes (Misspecified)"
0.895744790016154,0.94243,"Limit Shapes (Misspecified)"
0.897330937843544,0.94307,"Limit Shapes (Misspecified)"
0.898919979561606,0.94366,"Limit Shapes (Misspecified)"
0.900506770475812,0.9443,"Limit Shapes (Misspecified)"
0.902089702869118,0.94507,"Limit Shapes (Misspecified)"
0.903680352304222,0.94561,"Limit Shapes (Misspecified)"
0.905262963154119,0.94637,"Limit Shapes (Misspecified)"
0.906845574004014,0.94715,"Limit Shapes (Misspecified)"
0.908428827940729,0.94792,"Limit Shapes (Misspecified)"
0.909071585472225,0.94819,"Limit Shapes (Misspecified)"
0.911601766682324,0.94924,"Limit Shapes (Misspecified)"
0.913181483641544,0.95013,"Limit Shapes (Misspecified)"
0.913793374038079,0.95042,"Limit Shapes (Misspecified)"
0.916350885405645,0.95153,"Limit Shapes (Misspecified)"
0.917938640950076,0.95217,"Limit Shapes (Misspecified)"
0.918819656985957,0.95264,"Limit Shapes (Misspecified)"
0.921101290302602,0.9538,"Limit Shapes (Misspecified)"
0.922680685718416,0.95467,"Limit Shapes (Misspecified)"
0.924266512002394,0.95537,"Limit Shapes (Misspecified)"
0.925850087482517,0.95611,"Limit Shapes (Misspecified)"
0.927433662962637,0.95687,"Limit Shapes (Misspecified)"
0.929014666095493,0.9577,"Limit Shapes (Misspecified)"
0.930597598488796,0.9585,"Limit Shapes (Misspecified)"
0.93217731544802,0.95932,"Limit Shapes (Misspecified)"
0.933764427905632,0.95996,"Limit Shapes (Misspecified)"
0.935347360298938,0.96075,"Limit Shapes (Misspecified)"
0.936930935779059,0.9615,"Limit Shapes (Misspecified)"
0.938505829587155,0.96253,"Limit Shapes (Misspecified)"
0.939304207934845,0.9629,"Limit Shapes (Misspecified)"
0.941664620418781,0.96426,"Limit Shapes (Misspecified)"
0.943243372747778,0.96516,"Limit Shapes (Misspecified)"
0.944011208084519,0.96563,"Limit Shapes (Misspecified)"
0.946396054254645,0.96711,"Limit Shapes (Misspecified)"
0.947978665104539,0.9679,"Limit Shapes (Misspecified)"
0.949554201999453,0.96889,"Limit Shapes (Misspecified)"
0.951130703524591,0.96988,"Limit Shapes (Misspecified)"
0.952710742027222,0.97072,"Limit Shapes (Misspecified)"
0.954283706574865,0.9718,"Limit Shapes (Misspecified)"
0.955862780447272,0.97269,"Limit Shapes (Misspecified)"
0.957439603515815,0.97365,"Limit Shapes (Misspecified)"
0.959023500539347,0.97439,"Limit Shapes (Misspecified)"
0.959409992103348,0.9747,"Limit Shapes (Misspecified)"
0.96217682513303,0.97632,"Limit Shapes (Misspecified)"
0.963753648201577,0.97728,"Limit Shapes (Misspecified)"
0.964228562654513,0.97773,"Limit Shapes (Misspecified)"
0.966903435817769,0.97932,"Limit Shapes (Misspecified)"
0.968480258886313,0.98029,"Limit Shapes (Misspecified)"
0.969366416520002,0.98098,"Limit Shapes (Misspecified)"
0.971629724959097,0.98234,"Limit Shapes (Misspecified)"
0.973204940310603,0.98334,"Limit Shapes (Misspecified)"
0.974780477205513,0.98435,"Limit Shapes (Misspecified)"
0.976357943360878,0.98528,"Limit Shapes (Misspecified)"
0.977932837168971,0.98632,"Limit Shapes (Misspecified)"
0.979509017150702,0.98728,"Limit Shapes (Misspecified)"
0.981084875589025,0.98827,"Limit Shapes (Misspecified)"
0.982660734027343,0.98926,"Limit Shapes (Misspecified)"
0.984236914009074,0.99025,"Limit Shapes (Misspecified)"
0.985816630968293,0.99111,"Limit Shapes (Misspecified)"
0.987393454036842,0.99207,"Limit Shapes (Misspecified)"
0.988969634018568,0.99305,"Limit Shapes (Misspecified)"
0.989203711942525,0.99325,"Limit Shapes (Misspecified)"
0.99212938948042,0.99478,"Limit Shapes (Misspecified)"
0.993706534092377,0.99573,"Limit Shapes (Misspecified)"
0.993984021408701,0.99595,"Limit Shapes (Misspecified)"
0.996857286338793,0.99774,"Limit Shapes (Misspecified)"
0.998425106191902,0.99898,"Limit Shapes (Misspecified)"
1,1,"Limit Shapes (Misspecified)"
